Portfolio Code,Security Symbol,Security Type,From Date,Thru Date,Security Return,Beginning Market Value,Beginning Weight,Contribution,Ending Market Value,Gain/Loss,Income
ALPHA,AAPL,csus,2025-11-29,2025-12-31,-0.0221562488,177361.25,0.17736125,-0.003929659982,177361.25,-4004.95,0.0
ALPHA,AMZN,csus,2025-11-29,2025-12-31,0.0010442251,95764.79,0.09576479,9.9999997e-05,95764.79,0.0,100.0
ALPHA,AVGO,csus,2025-11-29,2025-12-31,0.0,88403.09,0.08840309,0.0,88403.09,0.0,0.0
ALPHA,CASHUSD,caus,2025-11-29,2025-12-31,0.0,16000.0,0.016,0.0,16000.0,0.0,0.0
ALPHA,CVNA,csus,2025-11-29,2025-12-31,0.0,1818.13,0.00181813,0.0,1818.13,0.0,0.0
ALPHA,GOOG,csus,2025-11-29,2025-12-31,0.0,67665.27,0.06766527,0.0,67665.27,0.0,0.0
ALPHA,GOOGL,csus,2025-11-29,2025-12-31,0.0,84265.7,0.0842657,0.0,84265.7,0.0,0.0
ALPHA,JPM,csus,2025-11-29,2025-12-31,0.0,38953.94,0.03895394,0.0,38953.94,0.0,0.0
ALPHA,36225MBS1,fius,2025-11-29,2025-12-31,0.00012,2000.0,0.002,2.4e-07,2000.24,0.24,0.0
ALPHA,META,csus,2025-11-29,2025-12-31,0.0,58325.78,0.05832578,0.0,58325.78,0.0,0.0
ALPHA,MSFT,csus,2025-11-29,2025-12-31,0.0,146809.23,0.14680923,0.0,146809.23,0.0,0.0
ALPHA,NVDA,csus,2025-11-29,2025-12-31,0.0,200632.82,0.20063282,0.0,200632.82,0.0,0.0
ALPHA,912797AA1,fius,2025-11-29,2025-12-31,0.0,10000.0,0.01,0.0,10000.0,0.0,0.0
ALPHA,91282Y2Y1,fius,2025-11-29,2025-12-31,6.5e-05,6000.0,0.006,3.9e-07,6000.39,0.39,0.0
ALPHA,91282Y5Y1,fius,2025-11-29,2025-12-31,9.5e-05,6000.0,0.006,5.7e-07,6000.57,0.57,0.0
ALPHA,AAPL,csus,2026-01-01,2026-01-30,-0.0449673407,177361.25,0.1773610372,-0.007975454187,173240.65,-8125.54,0.0
ALPHA,AMZN,csus,2026-01-01,2026-01-30,0.0377827801,95764.79,0.0957646751,0.003618255661,99283.05,3518.26,100.0
ALPHA,AVGO,csus,2026-01-01,2026-01-30,-0.0427623062,88403.09,0.0884029839,-0.003780315467,84622.77,-3780.32,0.0
ALPHA,CASHUSD,caus,2026-01-01,2026-01-30,-0.36905875,16000.0,0.0159999808,-0.005904932914,10095.06,-5904.94,0.0
ALPHA,CVNA,csus,2026-01-01,2026-01-30,-0.049545412,1818.13,0.0018181278,-9.0079891e-05,1728.05,-90.08,0.0
ALPHA,GOOG,csus,2026-01-01,2026-01-30,0.0788082276,67665.27,0.0676651888,0.0053325736,72997.85,5332.58,0.0
ALPHA,GOOGL,csus,2026-01-01,2026-01-30,0.0798722375,84265.7,0.0842655989,0.006730481928,90996.19,6730.49,0.0
ALPHA,JPM,csus,2026-01-01,2026-01-30,-0.0506795975,38953.94,0.0389538933,-0.001974167634,36979.77,-1974.17,0.0
ALPHA,36225MBS1,fius,2026-01-01,2026-01-30,0.0049344079,2000.24,0.0020002376,9.869988e-06,2010.11,9.87,0.0
ALPHA,META,csus,2026-01-01,2026-01-30,0.0854579227,58325.78,0.05832571,0.004984394017,63310.18,4984.4,0.0
ALPHA,MSFT,csus,2026-01-01,2026-01-30,-0.1102724944,146809.23,0.1468090538,-0.016189000563,130620.21,-16189.02,0.0
ALPHA,NVDA,csus,2026-01-01,2026-01-30,0.0248257488,200632.82,0.2006325792,0.004980854012,205613.68,4980.86,0.0
ALPHA,912797AA1,fius,2026-01-01,2026-01-30,0.002955,10000.0,0.009999988,2.9549965e-05,10029.55,29.55,0.0
ALPHA,91282Y2Y1,fius,2026-01-01,2026-01-30,0.0020531999,6000.39,0.0060003828,1.2319985e-05,6012.71,12.32,0.0
ALPHA,91282Y5Y1,fius,2026-01-01,2026-01-30,8.3325e-06,6000.57,0.0060005628,5e-08,6000.62,0.05,0.0
ALPHA,AAPL,csus,2026-01-31,2026-02-27,0.016784131,173240.65,0.1743669822,0.002926598271,180208.52,2962.91,0.0
ALPHA,AMZN,csus,2026-01-31,2026-02-27,-0.1214332154,99283.05,0.0999285434,-0.012134644335,87126.79,-12156.26,100.0
ALPHA,AVGO,csus,2026-01-31,2026-02-27,-0.0354663408,84622.77,0.0851729489,-0.003020772833,81621.51,-3001.26,0.0
ALPHA,CASHUSD,caus,2026-01-31,2026-02-27,-0.437140542,10095.06,0.0101606935,-0.004441651064,5682.1,-4412.96,0.0
ALPHA,CVNA,csus,2026-01-31,2026-02-27,-0.1669106797,1728.05,0.001739285,-0.000290305242,1439.62,-288.43,0.0
ALPHA,GOOG,csus,2026-01-31,2026-02-27,-0.0800520837,72997.85,0.073472449,-0.005881622637,67154.22,-5843.63,0.0
ALPHA,GOOGL,csus,2026-01-31,2026-02-27,-0.0776331405,90996.19,0.091587806,-0.007110249011,83931.87,-7064.32,0.0
ALPHA,JPM,csus,2026-01-31,2026-02-27,-0.0182745863,36979.77,0.0372201957,-0.000680183678,36303.98,-675.79,0.0
ALPHA,36225MBS1,fius,2026-01-31,2026-02-27,0.012750546,2010.11,0.0020231788,2.5796634e-05,2035.74,25.63,0.0
ALPHA,META,csus,2026-01-31,2026-02-27,-0.0953522798,63310.18,0.0637217941,-0.00607601834,57273.41,-6036.77,0.0
ALPHA,MSFT,csus,2026-01-31,2026-02-27,-0.0872667407,130620.21,0.1314694434,-0.011472909827,119221.41,-11398.8,0.0
ALPHA,NVDA,csus,2026-01-31,2026-02-27,-0.0729346413,205613.68,0.206950487,-0.015093859536,190617.32,-14996.36,0.0
ALPHA,912797AA1,fius,2026-01-31,2026-02-27,-0.0003280307,10029.55,0.0100947576,-3.31139e-06,10026.26,-3.29,0.0
ALPHA,91282Y2Y1,fius,2026-01-31,2026-02-27,0.0022884856,6012.71,0.0060518019,1.3849462e-05,6026.47,13.76,0.0
ALPHA,91282Y5Y1,fius,2026-01-31,2026-02-27,0.0101372858,6000.62,0.0060396333,6.1225489e-05,6069.45,68.83,-8.0
ALPHA,AAPL,csus,2026-02-28,2026-03-31,-0.0392289876,180208.52,0.1927902694,-0.007562967088,177309.78,-7212.17,0.0
ALPHA,AMZN,csus,2026-02-28,2026-03-31,-0.0070903565,87126.79,0.0932097845,-0.000660890601,86409.03,-717.76,100.0
ALPHA,AVGO,csus,2026-02-28,2026-03-31,-0.0314190463,81621.51,0.0873201384,-0.002743515471,79057.04,-2564.47,0.0
ALPHA,CASHUSD,caus,2026-02-28,2026-03-31,-0.3881364284,5682.1,0.0060788113,-0.002359408107,3476.67,-2205.43,0.0
ALPHA,CVNA,csus,2026-02-28,2026-03-31,-0.0591961768,1439.62,0.001540131,-9.1169867e-05,1354.4,-85.22,0.0
ALPHA,GOOG,csus,2026-02-28,2026-03-31,-0.078894074,67154.22,0.0718427751,-0.005667969215,61856.15,-5298.07,0.0
ALPHA,GOOGL,csus,2026-02-28,2026-03-31,-0.0776237918,83931.87,0.0897918025,-0.006969980183,77416.76,-6515.11,0.0
ALPHA,JPM,csus,2026-02-28,2026-03-31,-0.0204462431,36303.98,0.0388386414,-0.000794104304,35561.7,-742.28,0.0
ALPHA,36225MBS1,fius,2026-02-28,2026-03-31,-0.0202236042,2035.74,0.0021778707,-4.4044395e-05,1994.57,-41.17,0.0
ALPHA,META,csus,2026-02-28,2026-03-31,-0.1173286172,57273.41,0.0612721093,-0.007188971857,50553.6,-6719.81,0.0
ALPHA,MSFT,csus,2026-02-28,2026-03-31,-0.0574680336,119221.41,0.1275451779,-0.007329770569,112369.99,-6851.42,0.0
ALPHA,NVDA,csus,2026-02-28,2026-03-31,-0.0157458409,190617.32,0.2039257882,-0.003210983016,187615.89,-3001.43,0.0
ALPHA,912797AA1,fius,2026-02-28,2026-03-31,0.0002184264,10026.26,0.0107262707,2.342901e-06,10028.45,2.19,0.0
ALPHA,91282Y2Y1,fius,2026-02-28,2026-03-31,-0.0073326508,6026.47,0.0064472244,-4.7275245e-05,5982.28,-44.19,0.0
ALPHA,91282Y5Y1,fius,2026-02-28,2026-03-31,-0.0175600755,6069.45,0.0064932052,-0.000114021174,5962.87,-106.58,0.0
ALPHA,AAPL,csus,2026-04-01,2026-04-30,0.0672455862,177309.78,0.1976809656,0.013293172412,193462.47,12147.73,0.0
ALPHA,AMZN,csus,2026-04-01,2026-04-30,0.2738321446,86409.03,0.0963365951,0.02638005644,109970.6,23561.57,100.0
ALPHA,AVGO,csus,2026-04-01,2026-04-30,0.3486800164,79057.04,0.0881399323,0.03073263304,106622.65,27565.61,0.0
ALPHA,CASHUSD,caus,2026-04-01,2026-04-30,-0.8800029914,3476.67,0.0038761059,-0.003410984787,417.19,-3059.48,0.0
ALPHA,CVNA,csus,2026-04-01,2026-04-30,0.2589855286,1354.4,0.0015100075,0.000391070091,1705.17,350.77,0.0
ALPHA,GOOG,csus,2026-04-01,2026-04-30,0.3314509552,61856.15,0.0689628257,0.022857794452,82358.43,20502.28,0.0
ALPHA,GOOGL,csus,2026-04-01,2026-04-30,0.3381554588,77416.76,0.0863111999,0.029186603402,103595.66,26178.9,0.0
ALPHA,JPM,csus,2026-04-01,2026-04-30,0.0799295309,35561.7,0.0396473967,0.00316899782,37867.12,2305.42,537.01
ALPHA,36225MBS1,fius,2026-04-01,2026-04-30,-0.0017898595,1994.57,0.0022237269,-3.980159e-06,1991.0,-3.57,0.0
ALPHA,META,csus,2026-04-01,2026-04-30,0.0695295686,50553.6,0.0563617216,0.003918806188,54068.57,3514.97,0.0
ALPHA,MSFT,csus,2026-04-01,2026-04-30,0.1016019491,112369.99,0.1252802193,0.012728714465,123787.0,11417.01,0.0
ALPHA,NVDA,csus,2026-04-01,2026-04-30,0.1443234366,187615.89,0.2091711484,0.030188298975,214693.26,27077.37,0.0
ALPHA,912797AA1,fius,2026-04-01,2026-04-30,0.0,10028.45,0.0111806223,0.0,10028.45,0.0,0.0
ALPHA,91282Y2Y1,fius,2026-04-01,2026-04-30,-0.0010898855,5982.28,0.0066695863,-7.269085e-06,5975.76,-6.52,0.0
ALPHA,91282Y5Y1,fius,2026-04-01,2026-04-30,-0.0031209803,5962.87,0.0066479463,-2.0748109e-05,5944.26,-18.61,0.0
ALPHA,AAPL,csus,2026-05-01,2026-05-29,0.1607384141,193462.47,0.1838144904,0.029546049675,229097.04,31629.61,0.0
ALPHA,AMZN,csus,2026-05-01,2026-05-29,0.0219612333,109970.6,0.1044863626,0.002294649386,112285.69,2315.09,100.0
ALPHA,AVGO,csus,2026-05-01,2026-05-29,0.0702872232,106622.65,0.101305375,0.007120473504,114116.86,7494.21,0.0
ALPHA,CASHUSD,caus,2026-05-01,2026-05-29,-7.0518708502,417.19,0.0003963847,-0.002795253711,-2524.78,-2941.97,0.0
ALPHA,CVNA,csus,2026-05-01,2026-05-29,-0.8155609118,1705.17,0.0016201331,-0.001321317228,314.5,-1390.67,0.0
ALPHA,GOOG,csus,2026-05-01,2026-05-29,-0.0144264528,82358.43,0.0782512124,-0.001128887422,81170.29,-1188.14,0.0
ALPHA,GOOGL,csus,2026-05-01,2026-05-29,-0.0115904469,103595.66,0.0984293411,-0.001140840051,102394.94,-1200.72,0.0
ALPHA,JPM,csus,2026-05-01,2026-05-29,-0.044440137,37867.12,0.0359786855,-0.001598897713,36184.3,-1682.82,0.0
ALPHA,36225MBS1,fius,2026-05-01,2026-05-29,0.0001054746,1991.0,0.0018917088,1.99527e-07,1991.21,0.21,0.0
ALPHA,META,csus,2026-05-01,2026-05-29,0.0336652144,54068.57,0.0513721687,0.001729455073,55888.8,1820.23,0.0
ALPHA,MSFT,csus,2026-05-01,2026-05-29,0.1041247465,123787.0,0.1176137383,0.012246500685,136676.29,12889.29,0.0
ALPHA,NVDA,csus,2026-05-01,2026-05-29,0.0579746192,214693.26,0.2039865002,0.011826039671,227140.02,12446.76,0.0
ALPHA,912797AA1,fius,2026-05-01,2026-05-29,0.0002183787,10028.45,0.0095283309,2.080785e-06,10030.64,2.19,0.0
ALPHA,91282Y2Y1,fius,2026-05-01,2026-05-29,-0.0021821492,5975.76,0.0056777487,-1.2389695e-05,5962.72,-13.04,0.0
ALPHA,91282Y5Y1,fius,2026-05-01,2026-05-29,-0.0041451753,5944.26,0.0056478196,-2.3411202e-05,5919.62,-24.64,0.0
BALANCED,AAPL,csus,2025-11-29,2025-12-31,-0.0252536049,155191.1,0.1551911,-0.003919134723,155191.1,-4004.95,0.0
BALANCED,AMZN,csus,2025-11-29,2025-12-31,0.0011934002,83794.19,0.08379419,0.000100000003,83794.19,0.0,100.0
BALANCED,AVGO,csus,2025-11-29,2025-12-31,0.0,77352.7,0.0773527,0.0,77352.7,0.0,0.0
BALANCED,CASHUSD,caus,2025-11-29,2025-12-31,0.0,64000.0,0.064,0.0,64000.0,0.0,0.0
BALANCED,CVNA,csus,2025-11-29,2025-12-31,0.0,1590.87,0.00159087,0.0,1590.87,0.0,0.0
BALANCED,GOOG,csus,2025-11-29,2025-12-31,0.0,59207.11,0.05920711,0.0,59207.11,0.0,0.0
BALANCED,GOOGL,csus,2025-11-29,2025-12-31,0.0,73732.49,0.07373249,0.0,73732.49,0.0,0.0
BALANCED,JPM,csus,2025-11-29,2025-12-31,0.0,34084.7,0.0340847,0.0,34084.7,0.0,0.0
BALANCED,36225MBS1,fius,2025-11-29,2025-12-31,0.00012,8000.0,0.008,9.6e-07,8000.96,0.96,0.0
BALANCED,META,csus,2025-11-29,2025-12-31,0.0,51035.06,0.05103506,0.0,51035.06,0.0,0.0
BALANCED,MSFT,csus,2025-11-29,2025-12-31,0.0,128458.07,0.12845807,0.0,128458.07,0.0,0.0
BALANCED,NVDA,csus,2025-11-29,2025-12-31,0.0,175553.72,0.17555372,0.0,175553.72,0.0,0.0
BALANCED,912797AA1,fius,2025-11-29,2025-12-31,0.0,40000.0,0.04,0.0,40000.0,0.0,0.0
BALANCED,91282Y2Y1,fius,2025-11-29,2025-12-31,6.5e-05,24000.0,0.024,1.56e-06,24001.56,1.56,0.0
BALANCED,91282Y5Y1,fius,2025-11-29,2025-12-31,9.54167e-05,23999.99,0.02399999,2.29e-06,24002.28,2.29,0.0
BALANCED,AAPL,csus,2026-01-01,2026-01-30,-0.0448875613,155191.1,0.1482012177,-0.006652391244,152080.08,-7115.96,0.0
BALANCED,AMZN,csus,2026-01-01,2026-01-30,0.0379319855,83794.19,0.0800200591,0.003035319721,86872.67,3078.48,100.0
BALANCED,AVGO,csus,2026-01-01,2026-01-30,-0.0427623082,77352.7,0.0738686969,-0.003158795983,74044.92,-3307.78,0.0
BALANCED,CASHUSD,caus,2026-01-01,2026-01-30,0.0245004687,64000.0,0.061117409,0.001497405166,65568.03,1568.03,0.0
BALANCED,CVNA,csus,2026-01-01,2026-01-30,-0.0495452174,1590.87,0.0015192164,-7.5269907e-05,1512.05,-78.82,0.0
BALANCED,GOOG,csus,2026-01-01,2026-01-30,0.0788082715,59207.11,0.0565403931,0.00445585065,63873.12,4666.01,0.0
BALANCED,GOOGL,csus,2026-01-01,2026-01-30,0.0798722517,73732.49,0.070411543,0.005623928485,79621.67,5889.18,0.0
BALANCED,JPM,csus,2026-01-01,2026-01-30,-0.0506796305,34084.7,0.0325495086,-0.001649597069,32357.3,-1727.4,0.0
BALANCED,36225MBS1,fius,2026-01-01,2026-01-30,0.0049356577,8000.96,0.0076405929,3.7711351e-05,8040.45,39.49,0.0
BALANCED,META,csus,2026-01-01,2026-01-30,0.0854579185,51035.06,0.0487364162,0.004164912684,55396.41,4361.35,0.0
BALANCED,MSFT,csus,2026-01-01,2026-01-30,-0.1103711448,128458.07,0.1226722563,-0.013539477363,109129.2,-13855.9,0.0
BALANCED,NVDA,csus,2026-01-01,2026-01-30,0.0248257912,175553.72,0.1676466955,0.004161961858,179911.98,4358.26,0.0
BALANCED,912797AA1,fius,2026-01-01,2026-01-30,0.00295475,40000.0,0.0381983806,0.000112866665,40118.19,118.19,0.0
BALANCED,91282Y2Y1,fius,2026-01-01,2026-01-30,0.0020523666,24001.56,0.0229205181,4.7041306e-05,24050.82,49.26,0.0
BALANCED,91282Y5Y1,fius,2026-01-01,2026-01-30,0.0,24002.28,0.0229212057,0.0,24002.28,0.0,0.0
BALANCED,AAPL,csus,2026-01-31,2026-02-27,0.0166031549,152080.08,0.1462642296,0.00242844766,158664.67,2579.63,0.0
BALANCED,AMZN,csus,2026-01-31,2026-02-27,-0.1212893537,86872.67,0.0835504831,-0.010133784097,76235.94,-10636.73,100.0
BALANCED,AVGO,csus,2026-01-31,2026-02-27,-0.0354663088,74044.92,0.0712132922,-0.002525672612,71418.82,-2626.1,0.0
BALANCED,CASHUSD,caus,2026-01-31,2026-02-27,-0.0734547004,65568.03,0.0630605757,-0.004632095695,60751.75,-4816.28,0.0
BALANCED,CVNA,csus,2026-01-31,2026-02-27,-0.1669124698,1512.05,0.0014542261,-0.00024272847,1259.67,-252.38,0.0
BALANCED,GOOG,csus,2026-01-31,2026-02-27,-0.0800521409,63873.12,0.0614304825,-0.004917641641,58759.94,-5113.18,0.0
BALANCED,GOOGL,csus,2026-01-31,2026-02-27,-0.0776331368,79621.67,0.076576776,-0.005944895327,73440.39,-6181.28,0.0
BALANCED,JPM,csus,2026-01-31,2026-02-27,-0.0182747015,32357.3,0.0311198913,-0.000568706724,31765.98,-591.32,0.0
BALANCED,36225MBS1,fius,2026-01-31,2026-02-27,0.0127505301,8040.45,0.0077329669,9.8599427e-05,8142.97,102.52,0.0
BALANCED,META,csus,2026-01-31,2026-02-27,-0.0953523884,55396.41,0.053277939,-0.005080178733,50114.23,-5282.18,0.0
BALANCED,MSFT,csus,2026-01-31,2026-02-27,-0.0800691291,109129.2,0.1049558782,-0.008403725761,100391.32,-8737.88,0.0
BALANCED,NVDA,csus,2026-01-31,2026-02-27,-0.0729346651,179911.98,0.1730317813,-0.012620015021,166790.16,-13121.82,0.0
BALANCED,912797AA1,fius,2026-01-31,2026-02-27,-0.000327283,40118.19,0.0385839891,-1.2627884e-05,40105.06,-13.13,0.0
BALANCED,91282Y2Y1,fius,2026-01-31,2026-02-27,0.0022897348,24050.82,0.0231310679,5.2964011e-05,24105.89,55.07,0.0
BALANCED,91282Y5Y1,fius,2026-01-31,2026-02-27,0.0114789095,24002.28,0.0230843842,0.000264983557,24277.8,275.52,0.0
BALANCED,AAPL,csus,2026-02-28,2026-03-31,-0.0295089869,158664.67,0.1601104271,-0.004724696496,157887.88,-4781.75,0.0
BALANCED,AMZN,csus,2026-02-28,2026-03-31,-0.0069263919,76235.94,0.0769306041,-0.000532851513,75607.9,-628.04,100.0
BALANCED,AVGO,csus,2026-02-28,2026-03-31,-0.0314191693,71418.82,0.0720695904,-0.002264366662,69174.9,-2243.92,0.0
BALANCED,CASHUSD,caus,2026-02-28,2026-03-31,-0.0642773253,60751.75,0.0613053217,-0.003940542106,56846.79,-3904.96,0.0
BALANCED,CVNA,csus,2026-02-28,2026-03-31,-0.0591980439,1259.67,0.0012711482,-7.5249487e-05,1185.1,-74.57,0.0
BALANCED,GOOG,csus,2026-02-28,2026-03-31,-0.0788940561,58759.94,0.0592953623,-0.00467805164,54124.13,-4635.81,0.0
BALANCED,GOOGL,csus,2026-02-28,2026-03-31,-0.077623907,73440.39,0.074109581,-0.005752675223,67739.66,-5700.73,0.0
BALANCED,JPM,csus,2026-02-28,2026-03-31,-0.0111858661,31765.98,0.0320554325,-0.000358567776,31410.65,-355.33,0.0
BALANCED,36225MBS1,fius,2026-02-28,2026-03-31,-0.0202248074,8142.97,0.008217169,-0.00016619066,7978.28,-164.69,0.0
BALANCED,META,csus,2026-02-28,2026-03-31,-0.1173285512,50114.23,0.0505708723,-0.00593340718,44234.4,-5879.83,0.0
BALANCED,MSFT,csus,2026-02-28,2026-03-31,-0.0574679165,100391.32,0.1013060887,-0.005821849846,94622.04,-5769.28,0.0
BALANCED,NVDA,csus,2026-02-28,2026-03-31,-0.0157458929,166790.16,0.1683099568,-0.002650190554,164163.9,-2626.26,0.0
BALANCED,912797AA1,fius,2026-02-28,2026-03-31,0.000218177,40105.06,0.0404704985,8.829732e-06,40113.81,8.75,0.0
BALANCED,91282Y2Y1,fius,2026-02-28,2026-03-31,-0.0073334774,24105.89,0.0243255436,-0.000178390824,23929.11,-176.78,0.0
BALANCED,91282Y5Y1,fius,2026-02-28,2026-03-31,-0.0175613112,24277.8,0.02449902,-0.000430234914,23851.45,-426.35,0.0
BALANCED,AAPL,csus,2026-05-01,2026-05-08,0.0807010609,171333.91,0.1570808061,0.012676587699,189286.9,13948.03,0.0
BALANCED,AMZN,csus,2026-05-01,2026-05-08,0.0297874954,96224.27,0.0882194651,0.002627836911,98990.55,2766.28,100.0
BALANCED,AVGO,csus,2026-05-01,2026-05-08,0.0301128187,93294.82,0.0855337132,0.002575661198,96104.19,2809.37,0.0
BALANCED,CASHUSD,caus,2026-05-01,2026-05-08,-0.0791122737,53651.22,0.0491880264,-0.003891376607,49406.75,-4244.47,0.0
BALANCED,CVNA,csus,2026-05-01,2026-05-08,-0.0154018351,1492.03,0.0013679095,-2.1068317e-05,1469.05,-22.98,0.0
BALANCED,GOOG,csus,2026-05-01,2026-05-08,0.0395611544,72063.62,0.0660687164,0.002613754691,74914.54,2850.92,0.0
BALANCED,GOOGL,csus,2026-05-01,2026-05-08,0.0415801214,90646.2,0.0831054294,0.003455533843,94415.28,3769.08,0.0
BALANCED,JPM,csus,2026-05-01,2026-05-08,-0.035532975,33133.73,0.0303773667,-0.001079398212,31956.39,-1177.34,0.0
BALANCED,36225MBS1,fius,2026-05-01,2026-05-08,0.0013724276,7963.99,0.0073014733,1.0020743e-05,7974.92,10.93,0.0
BALANCED,META,csus,2026-05-01,2026-05-08,-0.0037258508,47310.0,0.0433743264,-0.000161606269,47133.73,-176.27,0.0
BALANCED,MSFT,csus,2026-05-01,2026-05-08,0.0179998584,104235.82,0.0955645419,0.001720148222,106112.05,1876.23,0.0
BALANCED,NVDA,csus,2026-05-01,2026-05-08,0.0783182982,187856.61,0.1722289985,0.013488682063,202569.22,14712.61,0.0
BALANCED,912797AA1,fius,2026-05-01,2026-05-08,-0.0019641615,40113.81,0.0367767806,-7.2235537e-05,40035.02,-78.79,0.0
BALANCED,91282Y2Y1,fius,2026-05-01,2026-05-08,-0.002182151,23903.02,0.0219145507,-4.7820859e-05,23850.86,-52.16,0.0
BALANCED,91282Y5Y1,fius,2026-05-01,2026-05-08,-0.0015224771,23777.04,0.0217990508,-3.3188556e-05,23740.84,-36.2,0.0
BALANCED,AAPL,csus,2026-05-09,2026-05-14,0.0166711484,189286.9,0.1674553715,0.002791673349,192442.53,3155.63,0.0
BALANCED,AMZN,csus,2026-05-09,2026-05-14,-0.0200234265,98990.55,0.0875734101,-0.00175351974,97008.42,-1982.13,0.0
BALANCED,AVGO,csus,2026-05-09,2026-05-14,0.0227674777,96104.19,0.0850199503,0.001935689823,98292.24,2188.05,0.0
BALANCED,CASHUSD,caus,2026-05-09,2026-05-14,0.0,49406.75,0.0437083901,0.0,49406.75,0.0,0.0
BALANCED,CVNA,csus,2026-05-09,2026-05-14,-0.8215853783,1469.05,0.0012996162,-0.001067745667,262.1,-1206.95,0.0
BALANCED,GOOG,csus,2026-05-09,2026-05-14,0.0003023445,74914.54,0.0662742225,2.0037647e-05,74937.19,22.65,0.0
BALANCED,GOOGL,csus,2026-05-09,2026-05-14,0.0006736198,94415.28,0.0835258319,5.6264654e-05,94478.88,63.6,0.0
BALANCED,JPM,csus,2026-05-09,2026-05-14,0.0046308906,31956.39,0.0282706788,0.000130918421,31724.73,-231.66,200.0
BALANCED,36225MBS1,fius,2026-05-09,2026-05-14,-0.0067448952,7974.92,0.0070551274,-4.7586095e-05,7921.13,-53.79,0.0
BALANCED,META,csus,2026-05-09,2026-05-14,0.0144348856,47133.73,0.0416975304,0.000601899081,47814.1,680.37,0.0
BALANCED,MSFT,csus,2026-05-09,2026-05-14,-0.0009640366,106112.05,0.0938735472,-9.0497535e-05,105797.53,-314.52,0.0
BALANCED,NVDA,csus,2026-05-09,2026-05-14,0.0954461393,202569.22,0.1792057664,0.017104498543,221903.67,19334.45,0.0
BALANCED,912797AA1,fius,2026-05-09,2026-05-14,0.0005467713,40035.02,0.0354175548,1.9365302e-05,40056.91,21.89,0.0
BALANCED,91282Y2Y1,fius,2026-05-09,2026-05-14,-0.0017009869,23850.86,0.0211000054,-3.5890833e-05,23810.29,-40.57,0.0
BALANCED,91282Y5Y1,fius,2026-05-09,2026-05-14,-0.0049981382,23740.84,0.0210026747,-0.000104974271,23622.18,-118.66,0.0
BALANCED,AAPL,csus,2026-05-15,2026-05-29,0.0464437877,192442.53,0.167105945,0.007761033033,201380.29,8937.76,0.0
BALANCED,AMZN,csus,2026-05-15,2026-05-29,0.0127984767,97008.42,0.0842364923,0.001078098784,98249.98,1241.56,0.0
BALANCED,AVGO,csus,2026-05-15,2026-05-29,0.015871141,98292.24,0.0853512872,0.001354622314,99852.25,1560.01,0.0
BALANCED,CASHUSD,caus,2026-05-15,2026-05-29,-0.0137127012,49406.75,0.0429019596,-0.000588301753,48729.25,-677.5,0.0
BALANCED,CVNA,csus,2026-05-15,2026-05-29,0.0499046166,262.1,0.0002275925,1.1357916e-05,275.18,13.08,0.0
BALANCED,GOOG,csus,2026-05-15,2026-05-29,-0.0522194654,74937.19,0.0650711147,-0.003397978823,71024.01,-3913.18,0.0
BALANCED,GOOGL,csus,2026-05-15,2026-05-29,-0.0516866838,94478.88,0.0820399863,-0.004240374831,89595.58,-4883.3,0.0
BALANCED,JPM,csus,2026-05-15,2026-05-29,-0.0020006474,31724.73,0.0275479177,-5.511367e-05,31661.26,-63.47,0.0
BALANCED,36225MBS1,fius,2026-05-15,2026-05-29,0.0055168896,7921.13,0.0068782504,3.7946548e-05,7964.83,43.7,0.0
BALANCED,META,csus,2026-05-15,2026-05-29,0.0227673427,47814.1,0.0415189946,0.000945277179,48902.7,1088.6,0.0
BALANCED,MSFT,csus,2026-05-15,2026-05-29,0.087826436,105797.53,0.0918684463,0.008068478219,115089.35,9291.82,0.0
BALANCED,NVDA,csus,2026-05-15,2026-05-29,-0.1043522624,221903.67,0.1926882923,-0.020107459239,198747.52,-23156.15,0.0
BALANCED,912797AA1,fius,2026-05-15,2026-05-29,0.0016391679,40056.91,0.0347831002,5.7015341e-05,40122.57,65.66,0.0
BALANCED,91282Y2Y1,fius,2026-05-15,2026-05-29,0.0017038852,23810.29,0.0206754765,3.5228638e-05,23850.86,40.57,0.0
BALANCED,91282Y5Y1,fius,2026-05-15,2026-05-29,0.0023841999,23622.18,0.0205121327,4.8905025e-05,23678.5,56.32,0.0
INCOME,AAPL,csus,2025-11-29,2025-12-31,-0.0310391392,125630.89,0.12563089,-0.003899474683,125630.89,-4004.95,0.0
INCOME,AMZN,csus,2025-11-29,2025-12-31,0.0014742002,67833.39,0.06783339,9.9999997e-05,67833.39,0.0,100.0
INCOME,AVGO,csus,2025-11-29,2025-12-31,0.0,62618.86,0.06261886,0.0,62618.86,0.0,0.0
INCOME,CASHUSD,caus,2025-11-29,2025-12-31,0.0,128000.0,0.128,0.0,128000.0,0.0,0.0
INCOME,CVNA,csus,2025-11-29,2025-12-31,0.0,1287.84,0.00128784,0.0,1287.84,0.0,0.0
INCOME,GOOG,csus,2025-11-29,2025-12-31,0.0,47929.57,0.04792957,0.0,47929.57,0.0,0.0
INCOME,GOOGL,csus,2025-11-29,2025-12-31,0.0,59688.2,0.0596882,0.0,59688.2,0.0,0.0
INCOME,JPM,csus,2025-11-29,2025-12-31,0.0,27592.37,0.02759237,0.0,27592.37,0.0,0.0
INCOME,36225MBS1,fius,2025-11-29,2025-12-31,0.00012,16000.0,0.016,1.92e-06,16001.92,1.92,0.0
INCOME,META,csus,2025-11-29,2025-12-31,0.0,41314.09,0.04131409,0.0,41314.09,0.0,0.0
INCOME,MSFT,csus,2025-11-29,2025-12-31,0.0,103989.87,0.10398987,0.0,103989.87,0.0,0.0
INCOME,NVDA,csus,2025-11-29,2025-12-31,0.0,142114.91,0.14211491,0.0,142114.91,0.0,0.0
INCOME,912797AA1,fius,2025-11-29,2025-12-31,0.0,80000.0,0.08,0.0,80000.0,0.0,0.0
INCOME,91282Y2Y1,fius,2025-11-29,2025-12-31,6.5e-05,48000.0,0.048,3.12e-06,48003.12,3.12,0.0
INCOME,91282Y5Y1,fius,2025-11-29,2025-12-31,9.47916e-05,48000.01,0.04800001,4.549998e-06,48004.56,4.55,0.0
INCOME,AAPL,csus,2026-01-01,2026-01-30,-0.0447384218,125630.89,0.1256296852,-0.005620473847,123865.99,-5769.84,0.0
INCOME,AMZN,csus,2026-01-01,2026-01-30,0.0382127445,67833.39,0.0678327395,0.002592075143,70325.49,2492.1,100.0
INCOME,AVGO,csus,2026-01-01,2026-01-30,-0.0427621966,62618.86,0.0626182595,-0.002677694323,59941.14,-2677.72,0.0
INCOME,CASHUSD,caus,2026-01-01,2026-01-30,-0.0321479688,128000.0,0.1279987725,-0.004114900545,123985.06,-4014.94,-100.0
INCOME,CVNA,csus,2026-01-01,2026-01-30,-0.0495480805,1287.84,0.0012878276,-6.3809386e-05,1224.03,-63.81,0.0
INCOME,GOOG,csus,2026-01-01,2026-01-30,0.0788081345,47929.57,0.0479291104,0.003777203779,51706.81,3777.24,0.0
INCOME,GOOGL,csus,2026-01-01,2026-01-30,0.0798722361,59688.2,0.0596876276,0.004767384284,64455.63,4767.43,0.0
INCOME,JPM,csus,2026-01-01,2026-01-30,-0.05067959,27592.37,0.0275921054,-0.001398356589,26194.0,-1398.37,0.0
INCOME,36225MBS1,fius,2026-01-01,2026-01-30,0.0049362826,16001.92,0.0160017665,7.8989242e-05,16080.91,78.99,0.0
INCOME,META,csus,2026-01-01,2026-01-30,0.085458012,41314.09,0.0413136938,0.003530586141,44844.71,3530.62,0.0
INCOME,MSFT,csus,2026-01-01,2026-01-30,-0.1102724717,103989.87,0.1039888727,-0.011467110022,92522.65,-11467.22,0.0
INCOME,NVDA,csus,2026-01-01,2026-01-30,0.0248257554,142114.91,0.1421135471,0.003528076159,145643.02,3528.11,0.0
INCOME,912797AA1,fius,2026-01-01,2026-01-30,0.00295475,80000.0,0.0799992328,0.000236377733,80236.38,236.38,0.0
INCOME,91282Y2Y1,fius,2026-01-01,2026-01-30,0.0020527832,48003.12,0.0480026597,9.8539053e-05,48101.66,98.54,0.0
INCOME,91282Y5Y1,fius,2026-01-01,2026-01-30,0.0,48004.56,0.0480040996,0.0,48004.56,0.0,0.0
INCOME,AAPL,csus,2026-01-31,2026-02-13,-0.0163162772,123865.99,0.1242222545,-0.002026844739,125807.91,-2063.04,0.0
INCOME,AMZN,csus,2026-01-31,2026-02-13,-0.1678634589,70325.49,0.0705277608,-0.011839033876,58420.41,-11905.08,100.0
INCOME,AVGO,csus,2026-01-31,2026-02-13,-0.0185028179,59941.14,0.0601135432,-0.001112269943,58832.06,-1109.08,0.0
INCOME,CASHUSD,caus,2026-01-31,2026-02-13,-0.0361790364,123985.06,0.1243416669,-0.004498561693,119499.4,-4485.66,0.0
INCOME,CVNA,csus,2026-01-31,2026-02-13,-0.1451925198,1224.03,0.0012275506,-0.000178231165,1046.31,-177.72,0.0
INCOME,GOOG,csus,2026-01-31,2026-02-13,-0.096032805,51706.81,0.0518555296,-0.004979831962,46741.26,-4965.55,0.0
INCOME,GOOGL,csus,2026-01-31,2026-02-13,-0.0955029064,64455.63,0.0646410179,-0.006173405082,58299.93,-6155.7,0.0
INCOME,JPM,csus,2026-01-31,2026-02-13,-0.0109189127,26194.0,0.0262693394,-0.000286832624,25907.99,-286.01,0.0
INCOME,36225MBS1,fius,2026-01-31,2026-02-13,0.0089870536,16080.91,0.0161271621,0.00014493567,16225.43,144.52,0.0
INCOME,META,csus,2026-01-31,2026-02-13,-0.1070900001,44844.71,0.0449736928,-0.004816232766,40042.29,-4802.42,0.0
INCOME,MSFT,csus,2026-01-31,2026-02-13,-0.0673267573,92522.65,0.0927887645,-0.006247166628,86293.4,-6229.25,0.0
INCOME,NVDA,csus,2026-01-31,2026-02-13,-0.0435306134,145643.02,0.1460619197,-0.006358164959,139303.09,-6339.93,0.0
INCOME,912797AA1,fius,2026-01-31,2026-02-13,-0.0015276113,80236.38,0.0804671566,-0.000122922538,80113.81,-122.57,0.0
INCOME,91282Y2Y1,fius,2026-01-31,2026-02-13,0.000843422,48101.66,0.0482400104,4.0686686e-05,48142.23,40.57,0.0
INCOME,91282Y5Y1,fius,2026-01-31,2026-02-13,0.0057666272,48004.56,0.0481426311,0.000277620606,48923.07,320.31,-42.5
INCOME,AAPL,csus,2026-02-14,2026-02-27,0.0328407014,125807.91,0.1319296309,0.004332661614,129939.53,4131.62,0.0
INCOME,AMZN,csus,2026-02-14,2026-02-27,0.0563912509,58420.41,0.0612631044,0.003454703091,61714.81,3294.4,0.0
INCOME,AVGO,csus,2026-02-14,2026-02-27,-0.0172834336,58832.06,0.061694785,-0.00106629772,57815.24,-1016.82,0.0
INCOME,CASHUSD,caus,2026-02-14,2026-02-27,0.0033247866,119499.4,0.1253141534,0.000416642818,119896.71,397.31,0.0
INCOME,CVNA,csus,2026-02-14,2026-02-27,-0.0254035611,1046.31,0.0010972227,-2.7873364e-05,1019.73,-26.58,0.0
INCOME,GOOG,csus,2026-02-14,2026-02-27,0.0176785992,46741.26,0.0490156555,0.000866528128,47567.58,826.32,0.0
INCOME,GOOGL,csus,2026-02-14,2026-02-27,0.0197566275,58299.93,0.061136762,0.001207856233,59451.74,1151.81,0.0
INCOME,JPM,csus,2026-02-14,2026-02-27,-0.0074370879,25907.99,0.0271686538,-0.000202055666,25715.31,-192.68,0.0
INCOME,36225MBS1,fius,2026-02-14,2026-02-27,0.0037280984,16225.43,0.0170149476,6.3433399e-05,16285.92,60.49,0.0
INCOME,META,csus,2026-02-14,2026-02-27,0.0131453521,40042.29,0.0419907185,0.00055198278,40568.66,526.37,0.0
INCOME,MSFT,csus,2026-02-14,2026-02-27,-0.021379503,86293.4,0.0904923737,-0.001934681975,84448.49,-1844.91,0.0
INCOME,NVDA,csus,2026-02-14,2026-02-27,-0.030742247,139303.09,0.1460814765,-0.004490872833,135020.6,-4282.49,0.0
INCOME,912797AA1,fius,2026-02-14,2026-02-27,0.0012021648,80113.81,0.0840120894,0.000100996377,80210.12,96.31,0.0
INCOME,91282Y2Y1,fius,2026-02-14,2026-02-27,0.0014446776,48142.23,0.0504847957,7.2934253e-05,48211.78,69.55,0.0
INCOME,91282Y5Y1,fius,2026-02-14,2026-02-27,0.0055688612,48923.07,0.0513036308,0.000285702799,48797.06,234.05,37.25
INCOME,AAPL,csus,2026-02-28,2026-03-31,-0.0391187389,129939.53,0.1358257735,-0.005313332969,128729.23,-5215.26,0.0
INCOME,AMZN,csus,2026-02-28,2026-03-31,-0.0066178604,61714.81,0.0645104827,-0.000426921369,61206.39,-508.42,100.0
INCOME,AVGO,csus,2026-02-28,2026-03-31,-0.0314190514,57815.24,0.0604342627,-0.001898787206,55998.74,-1816.5,0.0
INCOME,CASHUSD,caus,2026-02-28,2026-03-31,-0.0305393701,119896.71,0.1253280151,-0.003827438637,116235.14,-3661.57,0.0
INCOME,CVNA,csus,2026-02-28,2026-03-31,-0.0592019456,1019.73,0.0010659236,-6.3104751e-05,959.36,-60.37,0.0
INCOME,GOOG,csus,2026-02-28,2026-03-31,-0.0788942805,47567.58,0.0497223851,-0.003922811797,43814.77,-3752.81,0.0
INCOME,GOOGL,csus,2026-02-28,2026-03-31,-0.0776239686,59451.74,0.062144896,-0.004823933456,54836.86,-4614.88,0.0
INCOME,JPM,csus,2026-02-28,2026-03-31,-0.0204461856,25715.31,0.0268802101,-0.000549597765,25189.53,-525.78,0.0
INCOME,36225MBS1,fius,2026-02-28,2026-03-31,-0.0202248322,16285.92,0.01702367,-0.000344300869,15956.54,-329.38,0.0
INCOME,META,csus,2026-02-28,2026-03-31,-0.1173284994,40568.66,0.0424064149,-0.004975481025,35808.8,-4759.86,0.0
INCOME,MSFT,csus,2026-02-28,2026-03-31,-0.057467931,84448.49,0.0882739954,-0.005072923877,79595.41,-4853.08,0.0
INCOME,NVDA,csus,2026-02-28,2026-03-31,-0.0157458936,135020.6,0.1411370153,-0.002222328426,132894.58,-2126.02,0.0
INCOME,912797AA1,fius,2026-02-28,2026-03-31,0.000218177,80210.12,0.0838436278,1.8292751e-05,80227.62,17.5,0.0
INCOME,91282Y2Y1,fius,2026-02-28,2026-03-31,-0.0073334774,48211.78,0.0503957673,-0.000369576221,47858.22,-353.56,0.0
INCOME,91282Y5Y1,fius,2026-02-28,2026-03-31,-0.0224226623,48797.06,0.0510075604,-0.001143725302,47702.9,-1094.16,0.0
INCOME,AAPL,csus,2026-04-01,2026-04-30,0.0688664155,128729.23,0.1388643726,0.009563091582,141829.15,9094.96,0.0
INCOME,AMZN,csus,2026-04-01,2026-04-30,0.2743087772,61206.39,0.0660253071,0.018111321255,77895.84,16689.45,100.0
INCOME,AVGO,csus,2026-04-01,2026-04-30,0.3486801667,55998.74,0.0604076471,0.021062948461,75524.39,19525.65,0.0
INCOME,CASHUSD,caus,2026-04-01,2026-04-30,-0.0335953482,116235.14,0.1253865947,-0.004212406309,112330.18,-3904.96,0.0
INCOME,CVNA,csus,2026-04-01,2026-04-30,0.2589955804,959.36,0.0010348926,0.00026803261,1207.83,248.47,0.0
INCOME,GOOG,csus,2026-04-01,2026-04-30,0.3314510153,43814.77,0.0472644057,0.015665835257,58337.22,14522.45,0.0
INCOME,GOOGL,csus,2026-04-01,2026-04-30,0.3381555764,54836.86,0.0591542897,0.02000335293,73380.25,18543.39,0.0
INCOME,JPM,csus,2026-04-01,2026-04-30,0.064828919,25189.53,0.0271727585,0.00176158056,26822.54,1633.01,0.0
INCOME,36225MBS1,fius,2026-04-01,2026-04-30,-0.0017898617,15956.54,0.0172128344,-3.0808593e-05,15927.98,-28.56,0.0
INCOME,META,csus,2026-04-01,2026-04-30,0.069529557,35808.8,0.0386281076,0.002685795209,38298.57,2489.77,0.0
INCOME,MSFT,csus,2026-04-01,2026-04-30,0.1016019642,79595.41,0.0858621361,0.008723761678,87682.46,8087.05,0.0
INCOME,NVDA,csus,2026-04-01,2026-04-30,0.1443234931,132894.58,0.14335767,0.020689879697,152074.39,19179.81,0.0
INCOME,912797AA1,fius,2026-04-01,2026-04-30,0.0,80227.62,0.0865441215,0.0,80227.62,0.0,0.0
INCOME,91282Y2Y1,fius,2026-04-01,2026-04-30,-0.0010898859,47858.22,0.0516262056,-5.6266674e-05,47806.06,-52.16,0.0
INCOME,91282Y5Y1,fius,2026-04-01,2026-04-30,0.0008802735,47702.9,0.0514586569,4.5297692e-05,47554.08,-148.82,0.0
INCOME,AAPL,csus,2026-05-01,2026-05-08,0.0916276945,141829.15,0.1367820879,0.012533027363,158967.2,13133.09,0.0
INCOME,AMZN,csus,2026-05-01,2026-05-08,0.030031899,77895.84,0.0751238771,0.00225611269,80135.2,2239.36,100.0
INCOME,AVGO,csus,2026-05-01,2026-05-08,0.0301127887,75524.39,0.0728368164,0.002193319662,77798.64,2274.25,0.0
INCOME,CASHUSD,caus,2026-05-01,2026-05-08,-0.034763231,112330.18,0.1083328537,-0.003766000018,108425.22,-3904.96,0.0
INCOME,CVNA,csus,2026-05-01,2026-05-08,-0.8030848712,1207.83,0.0011648488,-0.000935472449,237.84,-969.99,0.0
INCOME,GOOG,csus,2026-05-01,2026-05-08,0.0395611927,58337.22,0.0562612605,0.002225762568,60645.11,2307.89,0.0
INCOME,GOOGL,csus,2026-05-01,2026-05-08,0.0415801254,73380.25,0.0707689767,0.002942582926,76431.41,3051.16,0.0
INCOME,JPM,csus,2026-05-01,2026-05-08,-0.0355331747,26822.54,0.0258680463,-0.000919173808,25869.45,-953.09,0.0
INCOME,36225MBS1,fius,2026-05-01,2026-05-08,0.001371172,15927.98,0.0153611748,2.1062813e-05,15949.82,21.84,0.0
INCOME,META,csus,2026-05-01,2026-05-08,-0.0037259877,38298.57,0.036935696,-0.000137621949,38155.87,-142.7,0.0
INCOME,MSFT,csus,2026-05-01,2026-05-08,0.0179998371,87682.46,0.0845622353,0.00152210646,89260.73,1578.27,0.0
INCOME,NVDA,csus,2026-05-01,2026-05-08,0.0783183151,152074.39,0.1466627459,0.011486379147,163984.6,11910.21,0.0
INCOME,912797AA1,fius,2026-05-01,2026-05-08,-0.0019641615,80227.62,0.0773726795,-0.000151972438,80070.04,-157.58,0.0
INCOME,91282Y2Y1,fius,2026-05-01,2026-05-08,-0.0021823593,47806.06,0.0461048572,-0.000100617364,47701.73,-104.33,0.0
INCOME,91282Y5Y1,fius,2026-05-01,2026-05-08,-0.0015224771,47554.08,0.045861844,-6.9823607e-05,47481.68,-72.4,0.0
INCOME,AAPL,csus,2026-05-09,2026-05-14,0.0079933195,158967.2,0.1484128859,0.001186311615,160238.17,1050.0,220.97
INCOME,AMZN,csus,2026-05-09,2026-05-14,-0.0200234104,80135.2,0.0748147812,-0.001498047068,78530.62,-1604.58,0.0
INCOME,AVGO,csus,2026-05-09,2026-05-14,0.0227674931,77798.64,0.0726333525,0.001653679352,79569.92,1771.28,0.0
INCOME,CASHUSD,caus,2026-05-09,2026-05-14,0.0,108425.22,0.1012265411,0.0,108425.22,0.0,0.0
INCOME,CVNA,csus,2026-05-09,2026-05-14,-0.1078876556,237.84,0.0002220491,-2.3956357e-05,212.18,-25.66,0.0
INCOME,GOOG,csus,2026-05-09,2026-05-14,0.0003022503,60645.11,0.0566186974,1.7113018e-05,60663.44,18.33,0.0
INCOME,GOOGL,csus,2026-05-09,2026-05-14,0.0006736759,76431.41,0.0713568971,4.8071422e-05,76482.9,51.49,0.0
INCOME,JPM,csus,2026-05-09,2026-05-14,-0.0072490911,25869.45,0.0241518988,-0.000175079315,25681.92,-187.53,0.0
INCOME,36225MBS1,fius,2026-05-09,2026-05-14,-0.0067430228,15949.82,0.0148908631,-0.000100409429,15842.27,-107.55,0.0
INCOME,META,csus,2026-05-09,2026-05-14,0.0144350004,38155.87,0.0356225862,0.000514212046,38706.65,550.78,0.0
INCOME,MSFT,csus,2026-05-09,2026-05-14,-0.0137069235,89260.73,0.0833344397,-0.00114225879,88037.24,-1223.49,0.0
INCOME,NVDA,csus,2026-05-09,2026-05-14,0.0954461577,163984.6,0.1530971655,0.014612536202,179636.3,15651.7,0.0
INCOME,912797AA1,fius,2026-05-09,2026-05-14,0.0005466464,80070.04,0.0747539474,4.0863976e-05,80113.81,43.77,0.0
INCOME,91282Y2Y1,fius,2026-05-09,2026-05-14,-0.0017009865,47701.73,0.0445346676,-7.5752868e-05,47620.59,-81.14,0.0
INCOME,91282Y5Y1,fius,2026-05-09,2026-05-14,-0.0049979276,47481.68,0.0443292274,-0.000221554269,47244.37,-237.31,0.0
INCOME,AAPL,csus,2026-05-15,2026-05-15,0.0067738542,160238.17,0.1474124604,0.000998550514,161323.6,1085.43,0.0
INCOME,AMZN,csus,2026-05-15,2026-05-15,-0.0115260773,78530.62,0.0722449084,-0.000832700399,77625.47,-905.15,0.0
INCOME,AVGO,csus,2026-05-15,2026-05-15,-0.0331977209,79569.92,0.0732010212,-0.002430107071,76928.38,-2641.54,0.0
INCOME,CASHUSD,caus,2026-05-15,2026-05-15,0.0118053715,108425.22,0.0997466986,0.001177546833,109705.22,1280.0,0.0
INCOME,CVNA,csus,2026-05-15,2026-05-15,-0.0339334527,212.18,0.0001951968,-6.623701e-06,204.98,-7.2,0.0
INCOME,GOOG,csus,2026-05-15,2026-05-15,-0.0096934826,60663.44,0.055807845,-0.000540972374,60075.4,-588.04,0.0
INCOME,GOOGL,csus,2026-05-15,2026-05-15,-0.0106965086,76482.9,0.0703610911,-0.000752618016,75664.8,-818.1,0.0
INCOME,JPM,csus,2026-05-15,2026-05-15,-0.0070022023,25681.92,0.0236262996,-0.000165436129,25502.09,-179.83,0.0
INCOME,36225MBS1,fius,2026-05-15,2026-05-15,-0.0074250723,15842.27,0.0145742303,-0.000108214714,15724.64,-117.63,0.0
INCOME,META,csus,2026-05-15,2026-05-15,-0.0067913395,38706.65,0.0356085102,-0.000241829482,38443.78,-262.87,0.0
INCOME,MSFT,csus,2026-05-15,2026-05-15,0.0305059541,88037.24,0.0809906039,0.002470695645,90722.9,2685.66,0.0
INCOME,NVDA,csus,2026-05-15,2026-05-15,-0.0442012555,179636.3,0.1652579343,-0.007304608177,171696.15,-7940.15,0.0
INCOME,912797AA1,fius,2026-05-15,2026-05-15,0.0002185641,80113.81,0.0737013774,1.6108475e-05,80131.32,17.51,0.0
INCOME,91282Y2Y1,fius,2026-05-15,2026-05-15,0.0293996777,47620.59,0.0438089647,0.001287969443,47740.62,120.03,1280.0
INCOME,91282Y5Y1,fius,2026-05-15,2026-05-15,-0.004341893,47244.37,0.043462858,-0.000188711079,47039.24,-205.13,0.0
INCOME,AAPL,csus,2026-05-16,2026-05-22,0.0286113749,161323.6,0.1495774906,0.00427961766,165939.29,4615.69,0.0
INCOME,AMZN,csus,2026-05-16,2026-05-22,0.0082532189,77625.47,0.0719734931,0.000594012994,78266.13,640.66,0.0
INCOME,AVGO,csus,2026-05-16,2026-05-22,-0.0259883284,76928.38,0.0713271588,-0.001853673627,74929.14,-1999.24,0.0
INCOME,CASHUSD,caus,2026-05-16,2026-05-22,0.0029169077,109705.22,0.101717489,0.000296700527,110025.22,320.0,0.0
INCOME,CVNA,csus,2026-05-16,2026-05-22,0.0164894136,204.98,0.0001900552,3.133899e-06,208.36,3.38,0.0
INCOME,GOOG,csus,2026-05-16,2026-05-22,-0.0354419613,60075.4,0.0557012587,-0.001974161855,57946.21,-2129.19,0.0
INCOME,GOOGL,csus,2026-05-16,2026-05-22,-0.0348050877,75664.8,0.0701555811,-0.002441771153,73031.28,-2633.52,0.0
INCOME,JPM,csus,2026-05-16,2026-05-22,0.0287768571,25502.09,0.023645261,0.000680436297,26235.96,733.87,0.0
INCOME,36225MBS1,fius,2026-05-16,2026-05-22,0.005530435,15724.64,0.0145797155,8.0632169e-05,15490.34,85.7,0.0
INCOME,META,csus,2026-05-16,2026-05-22,-0.0064634643,38443.78,0.0356446555,-0.000230387958,38195.3,-248.48,0.0
INCOME,MSFT,csus,2026-05-16,2026-05-22,-0.0079398917,90722.9,0.084117288,-0.000667882157,90002.57,-720.33,0.0
INCOME,NVDA,csus,2026-05-16,2026-05-22,-0.0443369289,171696.15,0.1591948063,-0.007058208808,164083.67,-7612.48,0.0
INCOME,912797AA1,fius,2026-05-16,2026-05-22,0.0006555489,80131.32,0.07429689,4.8705245e-05,80183.85,52.53,0.0
INCOME,91282Y2Y1,fius,2026-05-16,2026-05-22,-0.0030001705,47740.62,0.0442645846,-0.000132801301,47597.39,-143.23,0.0
INCOME,91282Y5Y1,fius,2026-05-16,2026-05-22,0.0016248137,47039.24,0.0436142727,7.0865068e-05,47115.67,76.43,0.0
INCOME,AAPL,csus,2026-05-23,2026-05-29,0.0104915478,165939.29,0.155192173,0.001628206101,167680.25,1740.96,0.0
INCOME,AMZN,csus,2026-05-23,2026-05-29,0.0162210652,78266.13,0.0731971963,0.001187336494,79535.69,1269.56,0.0
INCOME,AVGO,csus,2026-05-23,2026-05-29,0.0787897739,74929.14,0.0700763277,0.005521298015,80832.79,5903.65,0.0
INCOME,CASHUSD,caus,2026-05-23,2026-05-29,0.0,110025.22,0.1028993976,0.0,110025.22,0.0,0.0
INCOME,CVNA,csus,2026-05-23,2026-05-29,0.0691591476,208.36,0.0001948655,1.3476732e-05,222.77,14.41,0.0
INCOME,GOOG,csus,2026-05-23,2026-05-29,-0.0077758321,57946.21,0.0541933032,-0.000421398027,57495.63,-450.58,0.0
INCOME,GOOGL,csus,2026-05-23,2026-05-29,-0.0068674683,73031.28,0.0683013833,-0.000469057585,72529.74,-501.54,0.0
INCOME,JPM,csus,2026-05-23,2026-05-29,-0.0230759614,26235.96,0.0245367787,-0.000566209758,25630.54,-605.42,0.0
INCOME,36225MBS1,fius,2026-05-23,2026-05-29,0.0077028651,15490.34,0.0144871026,0.000111592197,15609.66,119.32,0.0
INCOME,META,csus,2026-05-23,2026-05-29,0.0364599833,38195.3,0.0357215679,0.001302407769,39587.9,1392.6,0.0
INCOME,MSFT,csus,2026-05-23,2026-05-29,0.0756622839,90002.57,0.0841735216,0.006368760888,96812.37,6809.8,0.0
INCOME,NVDA,csus,2026-05-23,2026-05-29,-0.0194585482,164083.67,0.1534567329,-0.002986045234,160890.84,-3192.83,0.0
INCOME,912797AA1,fius,2026-05-23,2026-05-29,0.0007643684,80183.85,0.0749907145,5.7320532e-05,80245.14,61.29,0.0
INCOME,91282Y2Y1,fius,2026-05-23,2026-05-29,0.002192137,47597.39,0.0445147282,9.7582383e-05,47701.73,104.34,0.0
INCOME,91282Y5Y1,fius,2026-05-23,2026-05-29,0.0051218629,47115.67,0.0440642069,0.000225690827,47356.99,241.32,0.0
BALANCED,SAP.DE,cseu,2025-11-29,2025-12-31,0.0,0.0,0.0,0.0,21600.0,21600.0,0.0
BALANCED,CASHEUR,caus,2025-11-29,2025-12-31,0.0,0.0,0.0,0.0,5400.0,5400.0,0.0
BALANCED,SHEL.L,csgb,2025-11-29,2025-12-31,0.0,0.0,0.0,0.0,15120.0,15120.0,0.0
BALANCED,CASHGBP,caus,2025-11-29,2025-12-31,0.0,0.0,0.0,0.0,5040.0,5040.0,0.0
BALANCED,SAP.DE,cseu,2026-01-01,2026-01-30,-0.1885493603,21600.0,0.0206271255,-0.003889231318,19447.01,-4332.99,0.0
BALANCED,CASHEUR,caus,2026-01-01,2026-01-30,-0.3988907407,5400.0,0.0051567814,-0.002056992352,3245.99,-2154.01,0.0
BALANCED,SHEL.L,csgb,2026-01-01,2026-01-30,0.0213267196,15120.0,0.0144389879,0.000307936246,15442.46,322.46,0.0
BALANCED,CASHGBP,caus,2026-01-01,2026-01-30,0.0015873016,5040.0,0.004812996,7.639676e-06,5048.0,8.0,0.0
BALANCED,SAP.DE,cseu,2026-01-31,2026-02-27,0.0041980747,19447.01,0.0187033169,7.8517921e-05,19528.65,81.64,0.0
BALANCED,CASHEUR,caus,2026-01-31,2026-02-27,0.0018484345,3245.99,0.0031218568,5.770548e-06,3251.99,6.0,0.0
BALANCED,SHEL.L,csgb,2026-01-31,2026-02-27,0.0864374369,15442.46,0.014851909,0.001283760947,15460.22,1287.76,0.0
BALANCED,CASHGBP,caus,2026-01-31,2026-02-27,0.2885895404,5048.0,0.0048549543,0.00140108903,6504.8,1456.8,0.0
BALANCED,SAP.DE,cseu,2026-02-28,2026-03-31,-0.1391494036,19528.65,0.0197065956,-0.002742161025,16811.25,-2717.4,0.0
BALANCED,CASHEUR,caus,2026-02-28,2026-03-31,0.0018450241,3251.99,0.0032816222,6.054672e-06,3257.99,6.0,0.0
BALANCED,SHEL.L,csgb,2026-02-28,2026-03-31,0.1676159848,15460.22,0.015601094,0.002614992735,18051.6,2591.38,0.0
BALANCED,CASHGBP,caus,2026-02-28,2026-03-31,0.0015819087,6504.8,0.0065640719,1.0383762e-05,6515.09,10.29,0.0
BALANCED,SAP.DE,cseu,2026-05-01,2026-05-08,0.0066581943,16681.7,0.0152939653,0.000101830193,16792.77,111.07,0.0
BALANCED,CASHEUR,caus,2026-05-01,2026-05-08,-0.0076336101,3426.95,0.0031418653,-2.3983775e-05,3400.79,-26.16,0.0
BALANCED,SHEL.L,csgb,2026-05-01,2026-05-08,-0.083058922,17103.28,0.0156804745,-0.001302403308,15682.7,-1420.58,0.0
BALANCED,CASHGBP,caus,2026-05-01,2026-05-08,0.0015769197,6525.38,0.0059825399,9.433985e-06,6535.67,10.29,0.0
BALANCED,SAP.DE,cseu,2026-05-09,2026-05-14,-0.0322906822,16792.77,0.0148559649,-0.000479709241,16250.52,-542.25,0.0
BALANCED,CASHEUR,caus,2026-05-09,2026-05-14,0.0018348678,3400.79,0.0030085577,5.520306e-06,3407.03,6.24,0.0
BALANCED,SHEL.L,csgb,2026-05-09,2026-05-14,0.0162612305,15682.7,0.0138739255,0.0002256071,15937.72,255.02,0.0
BALANCED,CASHGBP,caus,2026-05-09,2026-05-14,0.001575967,6535.67,0.0057818742,9.112043e-06,6545.97,10.3,0.0
BALANCED,SAP.DE,cseu,2026-05-15,2026-05-29,0.1014330618,16250.52,0.0141110102,0.00143132297,17898.86,1648.34,0.0
BALANCED,CASHEUR,caus,2026-05-15,2026-05-29,0.0018315072,3407.03,0.0029584675,5.418455e-06,3413.27,6.24,0.0
BALANCED,SHEL.L,csgb,2026-05-15,2026-05-29,-0.0081285152,15937.72,0.0138393928,-0.000112493715,15808.17,-129.55,0.0
BALANCED,CASHGBP,caus,2026-05-15,2026-05-29,0.0015719595,6545.97,0.0056841411,8.93524e-06,6556.26,10.29,0.0
BALANCED,AAPL,csus,2026-04-01,2026-04-10,0.016121172,157887.88,0.164894937,0.002658299641,164470.46,2577.62,0.0
BALANCED,AMZN,csus,2026-04-01,2026-04-10,0.1445719297,75607.9,0.0789633752,0.011415887528,86538.68,10930.78,0.0
BALANCED,AVGO,csus,2026-04-01,2026-04-10,0.2004458264,69174.9,0.0722448789,0.014481184454,83040.72,13865.82,0.0
BALANCED,CASHUSD,caus,2026-04-01,2026-04-10,-0.0604356024,56846.79,0.059369648,-0.003588040441,53411.22,-3435.57,0.0
BALANCED,CVNA,csus,2026-04-01,2026-04-10,0.0697578263,1185.1,0.0012376947,8.6338892e-05,1267.77,82.67,0.0
BALANCED,GOOG,csus,2026-04-01,2026-04-10,0.1006065132,54124.13,0.0565261564,0.0056868995,59569.37,5445.24,0.0
BALANCED,GOOGL,csus,2026-04-01,2026-04-10,0.1032132432,67739.66,0.0707459431,0.007301918231,74731.29,6991.63,0.0
BALANCED,JPM,csus,2026-04-01,2026-04-10,0.0594247492,31410.65,0.0328046532,0.001949408289,32778.31,1367.66,498.91
BALANCED,36225MBS1,fius,2026-04-01,2026-04-10,0.0002105717,7978.28,0.0083323557,1.754558e-06,7979.96,1.68,0.0
BALANCED,META,csus,2026-04-01,2026-04-10,0.1009038215,44234.4,0.0461975207,0.004661506382,48697.82,4463.42,0.0
BALANCED,MSFT,csus,2026-04-01,2026-04-10,0.0018909971,94622.04,0.0988213619,0.000186870909,94800.97,178.93,0.0
BALANCED,NVDA,csus,2026-04-01,2026-04-10,0.0815941264,164163.9,0.1714494865,0.013989271073,177558.71,13394.81,0.0
BALANCED,912797AA1,fius,2026-04-01,2026-04-10,-0.0016368428,40113.81,0.0418940591,-6.8573989e-05,40048.15,-65.66,0.0
BALANCED,91282Y2Y1,fius,2026-04-01,2026-04-10,-0.0019378071,23929.11,0.0249910828,-4.8427898e-05,23882.74,-46.37,0.0
BALANCED,91282Y5Y1,fius,2026-04-01,2026-04-10,-0.0015177274,23851.45,0.0249099763,-3.7806554e-05,23815.25,-36.2,0.0
BALANCED,SAP.DE,cseu,2026-04-01,2026-04-10,-0.0494436761,16811.25,0.0175573325,-0.000868099061,15980.04,-831.21,0.0
BALANCED,CASHEUR,caus,2026-04-01,2026-04-10,0.0018416263,3257.99,0.0034025794,6.26628e-06,3263.99,6.0,0.0
BALANCED,SHEL.L,csgb,2026-04-01,2026-04-10,-0.0438448669,18051.6,0.0188527292,-0.000826595402,17260.13,-791.47,0.0
BALANCED,CASHGBP,caus,2026-04-01,2026-04-10,0.0015794103,6515.09,0.0068042294,1.074667e-05,6525.38,10.29,0.0
BALANCED,AAPL,csus,2026-04-11,2026-04-16,0.0112099766,164470.46,0.1619407894,0.00181535246,166314.17,1843.71,0.0
BALANCED,AMZN,csus,2026-04-11,2026-04-16,0.0474872046,86538.68,0.0852076546,0.004046273327,90648.16,4109.48,0.0
BALANCED,AVGO,csus,2026-04-11,2026-04-16,0.0724533699,83040.72,0.0817634957,0.005924040798,89057.3,6016.58,0.0
BALANCED,CASHUSD,caus,2026-04-11,2026-04-16,0.0,53411.22,0.0525897181,0.0,53411.22,0.0,0.0
BALANCED,CVNA,csus,2026-04-11,2026-04-16,0.0771038911,1267.77,0.0012482708,9.6246536e-05,1365.52,97.75,0.0
BALANCED,GOOG,csus,2026-04-11,2026-04-16,0.0540035928,59569.37,0.0586531515,0.00316748091,62786.33,3216.96,0.0
BALANCED,GOOGL,csus,2026-04-11,2026-04-16,0.0591980949,74731.29,0.0735818705,0.004355906553,79155.24,4423.95,0.0
BALANCED,JPM,csus,2026-04-11,2026-04-16,0.0002580975,32778.31,0.0322741567,8.329879e-06,32786.77,8.46,0.0
BALANCED,36225MBS1,fius,2026-04-11,2026-04-16,0.0029473832,7979.96,0.0078572226,2.3158246e-05,8003.48,23.52,0.0
BALANCED,META,csus,2026-04-11,2026-04-16,0.0746355792,48697.82,0.0479488135,0.003578687468,52332.41,3634.59,0.0
BALANCED,MSFT,csus,2026-04-11,2026-04-16,0.1331733209,94800.97,0.0933428648,0.012430779288,107425.93,12624.96,0.0
BALANCED,NVDA,csus,2026-04-11,2026-04-16,0.051529435,177558.71,0.174827733,0.009008774304,186708.21,9149.5,0.0
BALANCED,912797AA1,fius,2026-04-11,2026-04-16,0.0003278553,40048.15,0.0394321815,1.292805e-05,40061.28,13.13,0.0
BALANCED,91282Y2Y1,fius,2026-04-11,2026-04-16,0.0008491488,23882.74,0.0235154068,1.9968079e-05,23903.02,20.28,0.0
BALANCED,91282Y5Y1,fius,2026-04-11,2026-04-16,0.0012668353,23815.25,0.0234489548,2.9705964e-05,23845.42,30.17,0.0
BALANCED,SAP.DE,cseu,2026-04-11,2026-04-16,0.0982419318,15980.04,0.0157342558,0.001545763685,17387.95,1407.91,162.0
BALANCED,CASHEUR,caus,2026-04-11,2026-04-16,0.0499266235,3263.99,0.0032137876,0.000160453564,3426.95,162.96,0.0
BALANCED,SHEL.L,csgb,2026-04-11,2026-04-16,-0.0105248338,17260.13,0.0169946571,-0.000178865941,17078.47,-181.66,0.0
BALANCED,CASHGBP,caus,2026-04-11,2026-04-16,0.0,6525.38,0.0064250151,0.0,6525.38,0.0,0.0
BALANCED,AAPL,csus,2026-04-17,2026-04-24,0.0290812863,166314.17,0.1565717718,0.004553308522,171150.8,4836.63,0.0
BALANCED,AMZN,csus,2026-04-17,2026-04-24,0.0572286299,90648.16,0.0853381466,0.004883785208,95835.83,5187.67,0.0
BALANCED,AVGO,csus,2026-04-17,2026-04-24,0.0609581696,89057.3,0.0838404764,0.00511076198,94486.07,5428.77,0.0
BALANCED,CASHUSD,caus,2026-04-17,2026-04-24,0.0044934379,53411.22,0.0502824825,0.000225941213,53651.22,240.0,0.0
BALANCED,CVNA,csus,2026-04-17,2026-04-24,0.1293060519,1365.52,0.0012855302,0.000166226835,1542.09,176.57,0.0
BALANCED,GOOG,csus,2026-04-17,2026-04-24,0.0286986037,62786.33,0.0591084147,0.001696328969,64588.21,1801.88,0.0
BALANCED,GOOGL,csus,2026-04-17,2026-04-24,0.024938968,79155.24,0.0745184621,0.001858413542,81129.29,1974.05,0.0
BALANCED,JPM,csus,2026-04-17,2026-04-24,0.0019318768,32786.77,0.0308661774,5.9629652e-05,32610.11,-176.66,240.0
BALANCED,36225MBS1,fius,2026-04-17,2026-04-24,-0.0002099087,8003.48,0.0075346499,-1.581589e-06,8001.8,-1.68,0.0
BALANCED,META,csus,2026-04-17,2026-04-24,-0.0027183919,52332.41,0.0492668674,-0.000133926653,52190.15,-142.26,0.0
BALANCED,MSFT,csus,2026-04-17,2026-04-24,0.0103744971,107425.93,0.1011331037,0.001049205091,108540.42,1114.49,0.0
BALANCED,NVDA,csus,2026-04-17,2026-04-24,0.0500125838,186708.21,0.175771164,0.008790770069,196045.97,9337.76,0.0
BALANCED,912797AA1,fius,2026-04-17,2026-04-24,0.0009834933,40061.28,0.0377145591,3.7092016e-05,40100.68,39.4,0.0
BALANCED,91282Y2Y1,fius,2026-04-17,2026-04-24,0.0010914939,23903.02,0.0225028222,2.4561693e-05,23929.11,26.09,0.0
BALANCED,91282Y5Y1,fius,2026-04-17,2026-04-24,0.0010119344,23845.42,0.0224485963,2.2716507e-05,23869.55,24.13,0.0
BALANCED,SAP.DE,cseu,2026-04-17,2026-04-24,-0.0288803453,17387.95,0.0163693938,-0.000472753745,16885.78,-502.17,0.0
BALANCED,CASHEUR,caus,2026-04-17,2026-04-24,0.0,3426.95,0.0032262052,0.0,3426.95,0.0,0.0
BALANCED,SHEL.L,csgb,2026-04-17,2026-04-24,-0.0227502815,17078.47,0.0160780426,-0.000365779995,16689.93,-388.54,0.0
BALANCED,CASHGBP,caus,2026-04-17,2026-04-24,0.0,6525.38,0.0061431345,0.0,6525.38,0.0,0.0
BALANCED,AAPL,csus,2026-04-25,2026-04-30,0.0010698752,171150.8,0.1568465025,0.000167806183,171333.91,183.11,0.0
BALANCED,AMZN,csus,2026-04-25,2026-04-30,0.0040531814,95835.83,0.0878261437,0.000355975292,96224.27,388.44,0.0
BALANCED,AVGO,csus,2026-04-25,2026-04-30,-0.0126076786,94486.07,0.0865891928,-0.001091688713,93294.82,-1191.25,0.0
BALANCED,CASHUSD,caus,2026-04-25,2026-04-30,0.0,53651.22,0.0491672035,0.0,53651.22,0.0,0.0
BALANCED,CVNA,csus,2026-04-25,2026-04-30,-0.0324624373,1542.09,0.0014132065,-4.5876127e-05,1492.03,-50.06,0.0
BALANCED,GOOG,csus,2026-04-25,2026-04-30,0.1157395444,64588.21,0.0591901109,0.006850636469,72063.62,7475.41,0.0
BALANCED,GOOGL,csus,2026-04-25,2026-04-30,0.1173054762,81129.29,0.0743487345,0.008721513705,90646.2,9516.91,0.0
BALANCED,JPM,csus,2026-04-25,2026-04-30,0.0160569836,32610.11,0.0298846497,0.00047985733,33133.73,523.62,0.0
BALANCED,36225MBS1,fius,2026-04-25,2026-04-30,-0.0047251868,8001.8,0.0073330323,-3.4649947e-05,7963.99,-37.81,0.0
BALANCED,META,csus,2026-04-25,2026-04-30,-0.0935071081,52190.15,0.0478282456,-0.004472280932,47310.0,-4880.15,0.0
BALANCED,MSFT,csus,2026-04-25,2026-04-30,-0.0396589584,108540.42,0.0994689201,-0.003944833764,104235.82,-4304.6,0.0
BALANCED,NVDA,csus,2026-04-25,2026-04-30,-0.0417726516,196045.97,0.1796610049,-0.007504916564,187856.61,-8189.36,0.0
BALANCED,912797AA1,fius,2026-04-25,2026-04-30,0.0003274259,40100.68,0.0367491791,1.2032633e-05,40113.81,13.13,0.0
BALANCED,91282Y2Y1,fius,2026-04-25,2026-04-30,-0.0010903038,23929.11,0.021929183,-2.3909472e-05,23903.02,-26.09,0.0
BALANCED,91282Y5Y1,fius,2026-04-25,2026-04-30,-0.0038756491,23869.55,0.0218746008,-8.4778277e-05,23777.04,-92.51,0.0
BALANCED,SAP.DE,cseu,2026-04-25,2026-04-30,-0.012085909,16885.78,0.0154745145,-0.000187023574,16681.7,-204.08,0.0
BALANCED,CASHEUR,caus,2026-04-25,2026-04-30,0.0,3426.95,0.0031405353,0.0,3426.95,0.0,0.0
BALANCED,SHEL.L,csgb,2026-04-25,2026-04-30,0.024766431,16689.93,0.0152950331,0.000378803382,17103.28,413.35,0.0
BALANCED,CASHGBP,caus,2026-04-25,2026-04-30,0.0,6525.38,0.0059800073,0.0,6525.38,0.0,0.0
BALANCED_CONTRIBUTION,CASHUSD,caus,2026-03-01,2026-03-31,0.035,100000.0,1.0,0.035,103500.0,3500.0,0.0
BALANCED_CONTRIBUTION,CASHUSD,caus,2026-02-01,2026-02-28,0.0,100000.0,1.0,0.0,100000.0,0.0,0.0
