Portfolio Code,Security Symbol,Security Type,Holding Date,Accrued Income,Base Currency,Base Market Value,Currency Code,Market Value,Price,Quantity
ALPHA,AAPL,csus,2025-12-31,0.0,USD,177361.25,USD,177361.25,271.86,652.3992
ALPHA,AAPL,csus,2026-01-30,0.0,USD,173240.65,USD,173240.65,259.48,667.6454
ALPHA,AAPL,csus,2026-02-27,0.0,USD,180208.52,USD,180208.52,264.18,682.1429
ALPHA,AAPL,csus,2026-03-31,0.0,USD,177021.17,USD,177021.17,253.79,697.5104
ALPHA,AAPL,csus,2026-04-30,0.0,USD,193462.47,USD,193462.47,271.35,712.9628
ALPHA,AAPL,csus,2026-05-29,0.0,USD,226828.75,USD,226828.75,312.06,726.8754
ALPHA,AMZN,csus,2025-12-31,0.0,USD,95764.79,USD,95764.79,230.82,414.8895
ALPHA,AMZN,csus,2026-01-30,0.0,USD,99283.05,USD,99283.05,239.3,414.8895
ALPHA,AMZN,csus,2026-02-27,0.0,USD,87126.79,USD,87126.79,210.0,414.8895
ALPHA,AMZN,csus,2026-03-31,0.0,USD,86409.03,USD,86409.03,208.27,414.8895
ALPHA,AMZN,csus,2026-04-30,0.0,USD,109970.6,USD,109970.6,265.06,414.8895
ALPHA,AMZN,csus,2026-05-29,0.0,USD,112285.69,USD,112285.69,270.64,414.8895
ALPHA,AVGO,csus,2025-12-31,0.0,USD,88403.09,USD,88403.09,346.1,255.4264
ALPHA,AVGO,csus,2026-01-30,0.0,USD,84622.77,USD,84622.77,331.3,255.4264
ALPHA,AVGO,csus,2026-02-27,0.0,USD,81621.51,USD,81621.51,319.55,255.4264
ALPHA,AVGO,csus,2026-03-31,0.0,USD,79057.04,USD,79057.04,309.51,255.4264
ALPHA,AVGO,csus,2026-04-30,0.0,USD,106622.65,USD,106622.65,417.43,255.4264
ALPHA,AVGO,csus,2026-05-29,0.0,USD,114116.86,USD,114116.86,446.77,255.4264
ALPHA,CASHUSD,caus,2025-12-31,0.0,USD,16000.0,USD,16000.0,1.0,16000.0
ALPHA,CASHUSD,caus,2026-01-30,0.0,USD,11495.06,USD,11495.06,1.0,11495.06
ALPHA,CASHUSD,caus,2026-02-27,0.0,USD,7490.1,USD,7490.1,1.0,7490.1
ALPHA,CASHUSD,caus,2026-03-31,0.0,USD,3485.14,USD,3485.14,1.0,3485.14
ALPHA,CASHUSD,caus,2026-04-30,-0.0,USD,-350.57,USD,-350.57,1.0,-350.57
ALPHA,CASHUSD,caus,2026-05-29,-0.0,USD,-4355.53,USD,-4355.53,1.0,-4355.53
ALPHA,CVNA,csus,2025-12-31,0.0,USD,1818.13,USD,1818.13,422.02,4.3082
ALPHA,CVNA,csus,2026-01-30,0.0,USD,1728.05,USD,1728.05,401.11,4.3082
ALPHA,CVNA,csus,2026-02-27,0.0,USD,1439.62,USD,1439.62,334.16,4.3082
ALPHA,CVNA,csus,2026-03-31,0.0,USD,1354.4,USD,1354.4,314.38,4.3082
ALPHA,CVNA,csus,2026-04-30,0.0,USD,1705.17,USD,1705.17,395.8,4.3082
ALPHA,CVNA,csus,2026-05-29,0.0,USD,314.5,USD,314.5,73.0,4.3082
ALPHA,GOOG,csus,2025-12-31,0.0,USD,67665.27,USD,67665.27,313.8,215.6318
ALPHA,GOOG,csus,2026-01-30,0.0,USD,72997.85,USD,72997.85,338.53,215.6318
ALPHA,GOOG,csus,2026-02-27,0.0,USD,67154.22,USD,67154.22,311.43,215.6318
ALPHA,GOOG,csus,2026-03-31,0.0,USD,61856.15,USD,61856.15,286.86,215.6318
ALPHA,GOOG,csus,2026-04-30,0.0,USD,82358.43,USD,82358.43,381.94,215.6318
ALPHA,GOOG,csus,2026-05-29,0.0,USD,81170.29,USD,81170.29,376.43,215.6318
ALPHA,GOOGL,csus,2025-12-31,0.0,USD,84265.7,USD,84265.7,313.0,269.2195
ALPHA,GOOGL,csus,2026-01-30,0.0,USD,90996.19,USD,90996.19,313.0,269.2195
ALPHA,GOOGL,csus,2026-02-27,0.0,USD,83931.87,USD,83931.87,311.76,269.2195
ALPHA,GOOGL,csus,2026-03-31,0.0,USD,77416.76,USD,77416.76,287.56,269.2195
ALPHA,GOOGL,csus,2026-04-30,0.0,USD,103595.66,USD,103595.66,384.8,269.2195
ALPHA,GOOGL,csus,2026-05-29,0.0,USD,102394.94,USD,102394.94,380.34,269.2195
ALPHA,JPM,csus,2025-12-31,0.0,USD,38953.94,USD,38953.94,322.22,120.8924
ALPHA,JPM,csus,2026-01-30,0.0,USD,36979.77,USD,36979.77,305.89,120.8924
ALPHA,JPM,csus,2026-02-27,0.0,USD,36303.98,USD,36303.98,300.3,120.8924
ALPHA,JPM,csus,2026-03-31,0.0,USD,35561.7,USD,35561.7,294.16,120.8924
ALPHA,JPM,csus,2026-04-30,0.0,USD,37867.12,USD,37867.12,313.23,120.8924
ALPHA,JPM,csus,2026-05-29,0.0,USD,36184.3,USD,36184.3,299.31,120.8924
ALPHA,36225MBS1,fius,2025-12-31,2.52,USD,2000.0,USD,2000.0,95.22,21.004
ALPHA,36225MBS1,fius,2026-01-30,2.52,USD,2009.87,USD,2009.87,95.69,21.004
ALPHA,36225MBS1,fius,2026-02-27,2.52,USD,2035.5,USD,2035.5,96.91,21.004
ALPHA,36225MBS1,fius,2026-03-31,2.52,USD,1994.33,USD,1994.33,94.95,21.004
ALPHA,36225MBS1,fius,2026-04-30,2.52,USD,1990.76,USD,1990.76,94.78,21.004
ALPHA,36225MBS1,fius,2026-05-29,2.52,USD,1990.97,USD,1990.97,94.79,21.004
ALPHA,META,csus,2025-12-31,0.0,USD,58325.78,USD,58325.78,660.09,88.3603
ALPHA,META,csus,2026-01-30,0.0,USD,63310.18,USD,63310.18,716.5,88.3603
ALPHA,META,csus,2026-02-27,0.0,USD,57273.41,USD,57273.41,648.18,88.3603
ALPHA,META,csus,2026-03-31,0.0,USD,50553.6,USD,50553.6,572.13,88.3603
ALPHA,META,csus,2026-04-30,0.0,USD,54068.57,USD,54068.57,611.91,88.3603
ALPHA,META,csus,2026-05-29,0.0,USD,55888.8,USD,55888.8,632.51,88.3603
ALPHA,MSFT,csus,2025-12-31,0.0,USD,146809.23,USD,146809.23,483.62,303.5632
ALPHA,MSFT,csus,2026-01-30,0.0,USD,130620.21,USD,130620.21,0.0,303.5632
ALPHA,MSFT,csus,2026-02-27,0.0,USD,119221.41,USD,119221.41,392.74,303.5632
ALPHA,MSFT,csus,2026-03-31,0.0,USD,112369.99,USD,112369.99,370.17,303.5632
ALPHA,MSFT,csus,2026-04-30,0.0,USD,123787.0,USD,123787.0,407.78,303.5632
ALPHA,MSFT,csus,2026-05-29,0.0,USD,136676.29,USD,136676.29,450.24,303.5632
ALPHA,NVDA,csus,2025-12-31,0.0,USD,200632.82,USD,200632.82,186.5,1075.7792
ALPHA,NVDA,csus,2026-01-30,0.0,USD,205613.68,USD,205613.68,191.13,1075.7792
ALPHA,NVDA,csus,2026-02-27,0.0,USD,190617.32,USD,190617.32,177.19,1075.7792
ALPHA,NVDA,csus,2026-03-31,0.0,USD,187615.89,USD,187615.89,174.4,1075.7792
ALPHA,NVDA,csus,2026-04-30,0.0,USD,214693.26,USD,214693.26,199.57,1075.7792
ALPHA,NVDA,csus,2026-05-29,0.0,USD,227140.02,USD,227140.02,211.14,1075.7792
ALPHA,912797AA1,fius,2025-12-31,0.0,USD,10000.0,USD,10000.0,91.38,109.4331
ALPHA,912797AA1,fius,2026-01-30,0.0,USD,10029.55,USD,10029.55,91.65,109.4331
ALPHA,912797AA1,fius,2026-02-27,0.0,USD,10026.26,USD,10026.26,91.62,109.4331
ALPHA,912797AA1,fius,2026-03-31,0.0,USD,10028.45,USD,10028.45,91.64,109.4331
ALPHA,912797AA1,fius,2026-04-30,0.0,USD,10028.45,USD,10028.45,91.64,109.4331
ALPHA,912797AA1,fius,2026-05-29,0.0,USD,10030.64,USD,10030.64,91.66,109.4331
ALPHA,91282Y2Y1,fius,2025-12-31,4.71,USD,6000.0,USD,6000.0,82.82,72.4463
ALPHA,91282Y2Y1,fius,2026-01-30,4.71,USD,6012.32,USD,6012.32,82.99,72.4463
ALPHA,91282Y2Y1,fius,2026-02-27,4.71,USD,6026.08,USD,6026.08,83.18,72.4463
ALPHA,91282Y2Y1,fius,2026-03-31,4.71,USD,5981.89,USD,5981.89,82.57,72.4463
ALPHA,91282Y2Y1,fius,2026-04-30,4.71,USD,5975.37,USD,5975.37,82.48,72.4463
ALPHA,91282Y2Y1,fius,2026-05-29,4.71,USD,5962.33,USD,5962.33,82.3,72.4463
ALPHA,91282Y5Y1,fius,2025-12-31,4.78,USD,6000.0,USD,6000.0,119.35,50.2723
ALPHA,91282Y5Y1,fius,2026-01-30,4.78,USD,6000.0,USD,6000.0,119.35,50.2723
ALPHA,91282Y5Y1,fius,2026-02-27,4.78,USD,6068.87,USD,6068.87,120.72,50.2723
ALPHA,91282Y5Y1,fius,2026-03-31,4.78,USD,5962.3,USD,5962.3,118.6,50.2723
ALPHA,91282Y5Y1,fius,2026-04-30,4.78,USD,5943.7,USD,5943.7,118.23,50.2723
ALPHA,91282Y5Y1,fius,2026-05-29,4.78,USD,5919.06,USD,5919.06,117.74,50.2723
BALANCED,AAPL,csus,2025-12-31,0.0,USD,155191.1,USD,155191.1,271.86,570.8494
BALANCED,AAPL,csus,2026-01-30,0.0,USD,152080.08,USD,152080.08,259.48,586.0956
BALANCED,AAPL,csus,2026-02-27,0.0,USD,158664.67,USD,158664.67,264.18,600.5931
BALANCED,AAPL,csus,2026-03-31,0.0,USD,156324.63,USD,156324.63,253.79,615.9606
BALANCED,AAPL,csus,2026-04-10,0.0,USD,164470.46,USD,164470.46,260.48,631.413
BALANCED,AAPL,csus,2026-04-16,0.0,USD,166314.17,USD,166314.17,263.4,631.413
BALANCED,AAPL,csus,2026-04-24,0.0,USD,171150.8,USD,171150.8,271.06,631.413
BALANCED,AAPL,csus,2026-04-30,0.0,USD,171333.91,USD,171333.91,271.35,631.413
BALANCED,AAPL,csus,2026-05-08,0.0,USD,189286.9,USD,189286.9,293.32,645.3256
BALANCED,AAPL,csus,2026-05-14,0.0,USD,192442.53,USD,192442.53,298.21,645.3256
BALANCED,AAPL,csus,2026-05-29,0.0,USD,201380.29,USD,201380.29,312.06,645.3256
BALANCED,AMZN,csus,2025-12-31,0.0,USD,83794.19,USD,83794.19,230.82,363.0283
BALANCED,AMZN,csus,2026-01-30,0.0,USD,86872.67,USD,86872.67,239.3,363.0283
BALANCED,AMZN,csus,2026-02-27,0.0,USD,76235.94,USD,76235.94,210.0,363.0283
BALANCED,AMZN,csus,2026-03-31,0.0,USD,75607.9,USD,75607.9,208.27,363.0283
BALANCED,AMZN,csus,2026-04-10,0.0,USD,86538.68,USD,86538.68,238.38,363.0283
BALANCED,AMZN,csus,2026-04-16,0.0,USD,90648.16,USD,90648.16,249.7,363.0283
BALANCED,AMZN,csus,2026-04-24,0.0,USD,95835.83,USD,95835.83,263.99,363.0283
BALANCED,AMZN,csus,2026-04-30,0.0,USD,96224.27,USD,96224.27,265.06,363.0283
BALANCED,AMZN,csus,2026-05-08,0.0,USD,98990.55,USD,98990.55,272.68,363.0283
BALANCED,AMZN,csus,2026-05-14,0.0,USD,97008.42,USD,97008.42,267.22,363.0283
BALANCED,AMZN,csus,2026-05-29,0.0,USD,98249.98,USD,98249.98,270.64,363.0283
BALANCED,AVGO,csus,2025-12-31,0.0,USD,77352.7,USD,77352.7,346.1,223.4981
BALANCED,AVGO,csus,2026-01-30,0.0,USD,74044.92,USD,74044.92,331.3,223.4981
BALANCED,AVGO,csus,2026-02-27,0.0,USD,71418.82,USD,71418.82,319.55,223.4981
BALANCED,AVGO,csus,2026-03-31,0.0,USD,69174.9,USD,69174.9,309.51,223.4981
BALANCED,AVGO,csus,2026-04-10,0.0,USD,83040.72,USD,83040.72,371.55,223.4981
BALANCED,AVGO,csus,2026-04-16,0.0,USD,89057.3,USD,89057.3,398.47,223.4981
BALANCED,AVGO,csus,2026-04-24,0.0,USD,94486.07,USD,94486.07,422.76,223.4981
BALANCED,AVGO,csus,2026-04-30,0.0,USD,93294.82,USD,93294.82,417.43,223.4981
BALANCED,AVGO,csus,2026-05-08,0.0,USD,96104.19,USD,96104.19,430.0,223.4981
BALANCED,AVGO,csus,2026-05-14,0.0,USD,98292.24,USD,98292.24,439.79,223.4981
BALANCED,AVGO,csus,2026-05-29,0.0,USD,99852.25,USD,99852.25,446.77,223.4981
BALANCED,CASHUSD,caus,2025-12-31,0.0,USD,64000.0,USD,64000.0,1.0,64000.0
BALANCED,CASHUSD,caus,2026-01-30,0.0,USD,64556.71,USD,64556.71,1.0,64556.71
BALANCED,CASHUSD,caus,2026-02-27,0.0,USD,60551.75,USD,60551.75,1.0,60551.75
BALANCED,CASHUSD,caus,2026-03-31,0.0,USD,58017.59,USD,58017.59,1.0,58017.59
BALANCED,CASHUSD,caus,2026-04-10,0.0,USD,54138.51,USD,54138.51,1.0,54138.51
BALANCED,CASHUSD,caus,2026-04-16,0.0,USD,54138.51,USD,54138.51,1.0,54138.51
BALANCED,CASHUSD,caus,2026-04-24,0.0,USD,54138.51,USD,54138.51,1.0,54138.51
BALANCED,CASHUSD,caus,2026-04-30,0.0,USD,54138.51,USD,54138.51,1.0,54138.51
BALANCED,CASHUSD,caus,2026-05-08,0.0,USD,50133.55,USD,50133.55,1.0,50133.55
BALANCED,CASHUSD,caus,2026-05-14,0.0,USD,50133.55,USD,50133.55,1.0,50133.55
BALANCED,CASHUSD,caus,2026-05-29,0.0,USD,50133.55,USD,50133.55,1.0,50133.55
BALANCED,CVNA,csus,2025-12-31,0.0,USD,1590.87,USD,1590.87,422.02,3.7697
BALANCED,CVNA,csus,2026-01-30,0.0,USD,1512.05,USD,1512.05,401.11,3.7697
BALANCED,CVNA,csus,2026-02-27,0.0,USD,1259.67,USD,1259.67,334.16,3.7697
BALANCED,CVNA,csus,2026-03-31,0.0,USD,1185.1,USD,1185.1,314.38,3.7697
BALANCED,CVNA,csus,2026-04-10,0.0,USD,1267.77,USD,1267.77,336.31,3.7697
BALANCED,CVNA,csus,2026-04-16,0.0,USD,1365.52,USD,1365.52,362.24,3.7697
BALANCED,CVNA,csus,2026-04-24,0.0,USD,1542.09,USD,1542.09,409.08,3.7697
BALANCED,CVNA,csus,2026-04-30,0.0,USD,1492.03,USD,1492.03,395.8,3.7697
BALANCED,CVNA,csus,2026-05-08,0.0,USD,293.81,USD,293.81,77.94,3.7697
BALANCED,CVNA,csus,2026-05-14,0.0,USD,262.1,USD,262.1,69.53,3.7697
BALANCED,CVNA,csus,2026-05-29,0.0,USD,275.18,USD,275.18,73.0,3.7697
BALANCED,GOOG,csus,2025-12-31,0.0,USD,59207.11,USD,59207.11,313.8,188.6779
BALANCED,GOOG,csus,2026-01-30,0.0,USD,63873.12,USD,63873.12,338.53,188.6779
BALANCED,GOOG,csus,2026-02-27,0.0,USD,58759.94,USD,58759.94,311.43,188.6779
BALANCED,GOOG,csus,2026-03-31,0.0,USD,54124.13,USD,54124.13,286.86,188.6779
BALANCED,GOOG,csus,2026-04-10,0.0,USD,59569.37,USD,59569.37,315.72,188.6779
BALANCED,GOOG,csus,2026-04-16,0.0,USD,62786.33,USD,62786.33,332.77,188.6779
BALANCED,GOOG,csus,2026-04-24,0.0,USD,64588.21,USD,64588.21,342.32,188.6779
BALANCED,GOOG,csus,2026-04-30,0.0,USD,72063.62,USD,72063.62,381.94,188.6779
BALANCED,GOOG,csus,2026-05-08,0.0,USD,74914.54,USD,74914.54,397.05,188.6779
BALANCED,GOOG,csus,2026-05-14,0.0,USD,74937.19,USD,74937.19,397.17,188.6779
BALANCED,GOOG,csus,2026-05-29,0.0,USD,71024.01,USD,71024.01,376.43,188.6779
BALANCED,GOOGL,csus,2025-12-31,0.0,USD,73732.49,USD,73732.49,313.0,235.5671
BALANCED,GOOGL,csus,2026-01-30,0.0,USD,79621.67,USD,79621.67,338.0,235.5671
BALANCED,GOOGL,csus,2026-02-27,0.0,USD,73440.39,USD,73440.39,311.76,235.5671
BALANCED,GOOGL,csus,2026-03-31,0.0,USD,67739.66,USD,67739.66,287.56,235.5671
BALANCED,GOOGL,csus,2026-04-10,0.0,USD,74731.29,USD,74731.29,317.24,235.5671
BALANCED,GOOGL,csus,2026-04-16,0.0,USD,79155.24,USD,79155.24,336.02,235.5671
BALANCED,GOOGL,csus,2026-04-24,0.0,USD,81129.29,USD,81129.29,344.4,235.5671
BALANCED,GOOGL,csus,2026-04-30,0.0,USD,90646.2,USD,90646.2,384.8,235.5671
BALANCED,GOOGL,csus,2026-05-08,0.0,USD,94415.28,USD,94415.28,400.8,235.5671
BALANCED,GOOGL,csus,2026-05-14,0.0,USD,94478.88,USD,94478.88,401.07,235.5671
BALANCED,GOOGL,csus,2026-05-29,0.0,USD,89595.58,USD,89595.58,380.34,235.5671
BALANCED,JPM,csus,2025-12-31,0.0,USD,34084.7,USD,34084.7,322.22,105.7808
BALANCED,JPM,csus,2026-01-30,0.0,USD,32357.3,USD,32357.3,305.89,105.7808
BALANCED,JPM,csus,2026-02-27,0.0,USD,31765.98,USD,31765.98,300.3,105.7808
BALANCED,JPM,csus,2026-03-31,0.0,USD,31116.49,USD,31116.49,294.16,105.7808
BALANCED,JPM,csus,2026-04-10,0.0,USD,32778.31,USD,32778.31,309.87,105.7808
BALANCED,JPM,csus,2026-04-16,0.0,USD,32786.77,USD,32786.77,309.95,105.7808
BALANCED,JPM,csus,2026-04-24,0.0,USD,32610.11,USD,32610.11,308.28,105.7808
BALANCED,JPM,csus,2026-04-30,0.0,USD,33133.73,USD,33133.73,313.23,105.7808
BALANCED,JPM,csus,2026-05-08,0.0,USD,31956.39,USD,31956.39,302.1,105.7808
BALANCED,JPM,csus,2026-05-14,0.0,USD,31724.73,USD,31724.73,299.91,105.7808
BALANCED,JPM,csus,2026-05-29,0.0,USD,31661.26,USD,31661.26,299.31,105.7808
BALANCED,36225MBS1,fius,2025-12-31,10.08,USD,8000.0,USD,8000.0,95.22,84.016
BALANCED,36225MBS1,fius,2026-01-30,10.08,USD,8039.49,USD,8039.49,95.69,84.016
BALANCED,36225MBS1,fius,2026-02-27,10.08,USD,8141.99,USD,8141.99,96.91,84.016
BALANCED,36225MBS1,fius,2026-03-31,10.08,USD,7977.32,USD,7977.32,94.95,84.016
BALANCED,36225MBS1,fius,2026-04-10,10.08,USD,7979.0,USD,7979.0,94.97,84.016
BALANCED,36225MBS1,fius,2026-04-16,10.08,USD,8002.52,USD,8002.52,95.25,84.016
BALANCED,36225MBS1,fius,2026-04-24,10.08,USD,8000.84,USD,8000.84,95.23,84.016
BALANCED,36225MBS1,fius,2026-04-30,10.08,USD,7963.03,USD,7963.03,94.78,84.016
BALANCED,36225MBS1,fius,2026-05-08,10.08,USD,7973.96,USD,7973.96,94.91,84.016
BALANCED,36225MBS1,fius,2026-05-14,10.08,USD,7920.18,USD,7920.18,94.27,84.016
BALANCED,36225MBS1,fius,2026-05-29,10.08,USD,7963.87,USD,7963.87,94.79,84.016
BALANCED,META,csus,2025-12-31,0.0,USD,51035.06,USD,51035.06,660.09,77.3153
BALANCED,META,csus,2026-01-30,0.0,USD,55396.41,USD,55396.41,716.5,77.3153
BALANCED,META,csus,2026-02-27,0.0,USD,50114.23,USD,50114.23,648.18,77.3153
BALANCED,META,csus,2026-03-31,0.0,USD,44234.4,USD,44234.4,572.13,77.3153
BALANCED,META,csus,2026-04-10,0.0,USD,48697.82,USD,48697.82,629.86,77.3153
BALANCED,META,csus,2026-04-16,0.0,USD,52332.41,USD,52332.41,676.87,77.3153
BALANCED,META,csus,2026-04-24,0.0,USD,52190.15,USD,52190.15,675.03,77.3153
BALANCED,META,csus,2026-04-30,0.0,USD,47310.0,USD,47310.0,611.91,77.3153
BALANCED,META,csus,2026-05-08,0.0,USD,47133.73,USD,47133.73,609.63,77.3153
BALANCED,META,csus,2026-05-14,0.0,USD,47814.1,USD,47814.1,618.43,77.3153
BALANCED,META,csus,2026-05-29,0.0,USD,48902.7,USD,48902.7,632.51,77.3153
BALANCED,MSFT,csus,2025-12-31,0.0,USD,128458.07,USD,128458.07,483.62,265.6178
BALANCED,MSFT,csus,2026-01-30,0.0,USD,109989.78,USD,109989.78,430.29,255.6178
BALANCED,MSFT,csus,2026-02-27,0.0,USD,100391.32,USD,100391.32,392.74,255.6178
BALANCED,MSFT,csus,2026-03-31,0.0,USD,94622.04,USD,94622.04,370.17,255.6178
BALANCED,MSFT,csus,2026-04-10,0.0,USD,94800.97,USD,94800.97,370.87,255.6178
BALANCED,MSFT,csus,2026-04-16,0.0,USD,107425.93,USD,107425.93,420.26,255.6178
BALANCED,MSFT,csus,2026-04-24,0.0,USD,108540.42,USD,108540.42,424.62,255.6178
BALANCED,MSFT,csus,2026-04-30,0.0,USD,104235.82,USD,104235.82,407.78,255.6178
BALANCED,MSFT,csus,2026-05-08,0.0,USD,106112.05,USD,106112.05,415.12,255.6178
BALANCED,MSFT,csus,2026-05-14,0.0,USD,104657.59,USD,104657.59,409.43,255.6178
BALANCED,MSFT,csus,2026-05-29,0.0,USD,115089.35,USD,115089.35,450.24,255.6178
BALANCED,NVDA,csus,2025-12-31,0.0,USD,175553.72,USD,175553.72,186.5,941.3068
BALANCED,NVDA,csus,2026-01-30,0.0,USD,179911.98,USD,179911.98,191.13,941.3068
BALANCED,NVDA,csus,2026-02-27,0.0,USD,166790.16,USD,166790.16,177.19,941.3068
BALANCED,NVDA,csus,2026-03-31,0.0,USD,164163.9,USD,164163.9,174.4,941.3068
BALANCED,NVDA,csus,2026-04-10,0.0,USD,177558.71,USD,177558.71,188.63,941.3068
BALANCED,NVDA,csus,2026-04-16,0.0,USD,186708.21,USD,186708.21,198.35,941.3068
BALANCED,NVDA,csus,2026-04-24,0.0,USD,196045.97,USD,196045.97,208.27,941.3068
BALANCED,NVDA,csus,2026-04-30,0.0,USD,187856.61,USD,187856.61,199.57,941.3068
BALANCED,NVDA,csus,2026-05-08,0.0,USD,202569.22,USD,202569.22,215.2,941.3068
BALANCED,NVDA,csus,2026-05-14,0.0,USD,221903.67,USD,221903.67,235.74,941.3068
BALANCED,NVDA,csus,2026-05-29,0.0,USD,198747.52,USD,198747.52,211.14,941.3068
BALANCED,912797AA1,fius,2025-12-31,0.0,USD,40000.0,USD,40000.0,91.38,437.7326
BALANCED,912797AA1,fius,2026-01-30,0.0,USD,40118.19,USD,40118.19,91.65,437.7326
BALANCED,912797AA1,fius,2026-02-27,0.0,USD,40105.06,USD,40105.06,91.62,437.7326
BALANCED,912797AA1,fius,2026-03-31,0.0,USD,40113.81,USD,40113.81,91.64,437.7326
BALANCED,912797AA1,fius,2026-04-10,0.0,USD,40048.15,USD,40048.15,91.49,437.7326
BALANCED,912797AA1,fius,2026-04-16,0.0,USD,40061.28,USD,40061.28,91.52,437.7326
BALANCED,912797AA1,fius,2026-04-24,0.0,USD,40100.68,USD,40100.68,91.61,437.7326
BALANCED,912797AA1,fius,2026-04-30,0.0,USD,40113.81,USD,40113.81,91.64,437.7326
BALANCED,912797AA1,fius,2026-05-08,0.0,USD,40035.02,USD,40035.02,91.46,437.7326
BALANCED,912797AA1,fius,2026-05-14,0.0,USD,40056.91,USD,40056.91,91.51,437.7326
BALANCED,912797AA1,fius,2026-05-29,0.0,USD,40122.57,USD,40122.57,91.66,437.7326
BALANCED,91282Y2Y1,fius,2025-12-31,18.84,USD,24000.0,USD,24000.0,82.82,289.7851
BALANCED,91282Y2Y1,fius,2026-01-30,18.84,USD,24049.26,USD,24049.26,82.99,289.7851
BALANCED,91282Y2Y1,fius,2026-02-27,18.84,USD,24104.32,USD,24104.32,83.18,289.7851
BALANCED,91282Y2Y1,fius,2026-03-31,18.84,USD,23927.55,USD,23927.55,82.57,289.7851
BALANCED,91282Y2Y1,fius,2026-04-10,18.84,USD,23881.19,USD,23881.19,82.41,289.7851
BALANCED,91282Y2Y1,fius,2026-04-16,18.84,USD,23901.47,USD,23901.47,82.48,289.7851
BALANCED,91282Y2Y1,fius,2026-04-24,18.84,USD,23927.55,USD,23927.55,82.57,289.7851
BALANCED,91282Y2Y1,fius,2026-04-30,18.84,USD,23901.47,USD,23901.47,82.48,289.7851
BALANCED,91282Y2Y1,fius,2026-05-08,18.84,USD,23849.31,USD,23849.31,82.3,289.7851
BALANCED,91282Y2Y1,fius,2026-05-14,18.84,USD,23808.74,USD,23808.74,82.16,289.7851
BALANCED,91282Y2Y1,fius,2026-05-29,18.84,USD,23849.31,USD,23849.31,82.3,289.7851
BALANCED,91282Y5Y1,fius,2025-12-31,19.1,USD,24000.0,USD,24000.0,119.35,201.0892
BALANCED,91282Y5Y1,fius,2026-01-30,19.1,USD,24000.0,USD,24000.0,119.35,201.0892
BALANCED,91282Y5Y1,fius,2026-02-27,19.1,USD,24275.49,USD,24275.49,120.72,201.0892
BALANCED,91282Y5Y1,fius,2026-03-31,19.1,USD,23849.18,USD,23849.18,118.6,201.0892
BALANCED,91282Y5Y1,fius,2026-04-10,19.1,USD,23812.99,USD,23812.99,118.42,201.0892
BALANCED,91282Y5Y1,fius,2026-04-16,19.1,USD,23843.15,USD,23843.15,118.57,201.0892
BALANCED,91282Y5Y1,fius,2026-04-24,19.1,USD,23867.28,USD,23867.28,118.69,201.0892
BALANCED,91282Y5Y1,fius,2026-04-30,19.1,USD,23774.78,USD,23774.78,118.23,201.0892
BALANCED,91282Y5Y1,fius,2026-05-08,19.1,USD,23738.58,USD,23738.58,118.05,201.0892
BALANCED,91282Y5Y1,fius,2026-05-14,19.1,USD,23619.94,USD,23619.94,117.46,201.0892
BALANCED,91282Y5Y1,fius,2026-05-29,19.1,USD,23676.25,USD,23676.25,117.74,201.0892
INCOME,AAPL,csus,2025-12-31,0.0,USD,125630.89,USD,125630.89,271.86,462.1162
INCOME,AAPL,csus,2026-01-30,0.0,USD,123865.99,USD,123865.99,259.48,477.3624
INCOME,AAPL,csus,2026-02-13,0.0,USD,125807.91,USD,125807.91,255.78,491.8599
INCOME,AAPL,csus,2026-02-27,0.0,USD,129939.53,USD,129939.53,264.18,491.8599
INCOME,AAPL,csus,2026-03-31,0.0,USD,128729.23,USD,128729.23,253.79,507.2274
INCOME,AAPL,csus,2026-04-30,0.0,USD,141829.15,USD,141829.15,271.35,522.6798
INCOME,AAPL,csus,2026-05-08,0.0,USD,157393.27,USD,157393.27,293.32,536.5924
INCOME,AAPL,csus,2026-05-14,0.0,USD,160017.2,USD,160017.2,298.21,536.5924
INCOME,AAPL,csus,2026-05-15,0.0,USD,161101.13,USD,161101.13,300.23,536.5924
INCOME,AAPL,csus,2026-05-22,0.0,USD,165710.45,USD,165710.45,308.82,536.5924
INCOME,AAPL,csus,2026-05-29,0.0,USD,167449.01,USD,167449.01,312.06,536.5924
INCOME,AMZN,csus,2025-12-31,0.0,USD,67833.39,USD,67833.39,230.82,293.88
INCOME,AMZN,csus,2026-01-30,0.0,USD,70325.49,USD,70325.49,239.3,293.88
INCOME,AMZN,csus,2026-02-13,0.0,USD,58420.41,USD,58420.41,198.79,293.88
INCOME,AMZN,csus,2026-02-27,0.0,USD,61714.81,USD,61714.81,210.0,293.88
INCOME,AMZN,csus,2026-03-31,0.0,USD,61206.39,USD,61206.39,208.27,293.88
INCOME,AMZN,csus,2026-04-30,0.0,USD,77895.84,USD,77895.84,265.06,293.88
INCOME,AMZN,csus,2026-05-08,0.0,USD,80135.2,USD,80135.2,272.68,293.88
INCOME,AMZN,csus,2026-05-14,0.0,USD,78530.62,USD,78530.62,267.22,293.88
INCOME,AMZN,csus,2026-05-15,0.0,USD,77625.47,USD,77625.47,264.14,293.88
INCOME,AMZN,csus,2026-05-22,0.0,USD,78266.13,USD,78266.13,266.32,293.88
INCOME,AMZN,csus,2026-05-29,0.0,USD,79535.69,USD,79535.69,270.64,293.88
INCOME,AVGO,csus,2025-12-31,0.0,USD,62618.86,USD,62618.86,346.1,180.9271
INCOME,AVGO,csus,2026-01-30,0.0,USD,59941.14,USD,59941.14,331.3,180.9271
INCOME,AVGO,csus,2026-02-13,0.0,USD,58832.06,USD,58832.06,325.17,180.9271
INCOME,AVGO,csus,2026-02-27,0.0,USD,57815.24,USD,57815.24,319.55,180.9271
INCOME,AVGO,csus,2026-03-31,0.0,USD,55998.74,USD,55998.74,309.51,180.9271
INCOME,AVGO,csus,2026-04-30,0.0,USD,75524.39,USD,75524.39,417.43,180.9271
INCOME,AVGO,csus,2026-05-08,0.0,USD,77798.64,USD,77798.64,430.0,180.9271
INCOME,AVGO,csus,2026-05-14,0.0,USD,79569.92,USD,79569.92,439.79,180.9271
INCOME,AVGO,csus,2026-05-15,0.0,USD,76928.38,USD,76928.38,425.19,180.9271
INCOME,AVGO,csus,2026-05-22,0.0,USD,74929.14,USD,74929.14,414.14,180.9271
INCOME,AVGO,csus,2026-05-29,0.0,USD,80832.79,USD,80832.79,446.77,180.9271
INCOME,CASHUSD,caus,2025-12-31,0.0,USD,128000.0,USD,128000.0,1.0,128000.0
INCOME,CASHUSD,caus,2026-01-30,0.0,USD,123926.31,USD,123926.31,1.0,123926.31
INCOME,CASHUSD,caus,2026-02-13,0.0,USD,119921.35,USD,119921.35,1.0,119921.35
INCOME,CASHUSD,caus,2026-02-27,0.0,USD,119921.35,USD,119921.35,1.0,119921.35
INCOME,CASHUSD,caus,2026-03-31,0.0,USD,115916.39,USD,115916.39,1.0,115916.39
INCOME,CASHUSD,caus,2026-04-30,0.0,USD,112031.31,USD,112031.31,1.0,112031.31
INCOME,CASHUSD,caus,2026-05-08,0.0,USD,108026.35,USD,108026.35,1.0,108026.35
INCOME,CASHUSD,caus,2026-05-14,0.0,USD,108026.35,USD,108026.35,1.0,108026.35
INCOME,CASHUSD,caus,2026-05-15,0.0,USD,109226.35,USD,109226.35,1.0,109226.35
INCOME,CASHUSD,caus,2026-05-22,0.0,USD,109226.35,USD,109226.35,1.0,109226.35
INCOME,CASHUSD,caus,2026-05-29,0.0,USD,109447.32,USD,109447.32,1.0,109447.32
INCOME,CVNA,csus,2025-12-31,0.0,USD,1287.84,USD,1287.84,422.02,3.0516
INCOME,CVNA,csus,2026-01-30,0.0,USD,1224.03,USD,1224.03,401.11,3.0516
INCOME,CVNA,csus,2026-02-13,0.0,USD,1046.31,USD,1046.31,342.87,3.0516
INCOME,CVNA,csus,2026-02-27,0.0,USD,1019.73,USD,1019.73,334.16,3.0516
INCOME,CVNA,csus,2026-03-31,0.0,USD,959.36,USD,959.36,314.38,3.0516
INCOME,CVNA,csus,2026-04-30,0.0,USD,1207.83,USD,1207.83,395.8,3.0516
INCOME,CVNA,csus,2026-05-08,0.0,USD,237.84,USD,237.84,77.94,3.0516
INCOME,CVNA,csus,2026-05-14,0.0,USD,212.18,USD,212.18,69.53,3.0516
INCOME,CVNA,csus,2026-05-15,0.0,USD,204.98,USD,204.98,67.17,3.0516
INCOME,CVNA,csus,2026-05-22,0.0,USD,208.36,USD,208.36,68.28,3.0516
INCOME,CVNA,csus,2026-05-29,0.0,USD,222.77,USD,222.77,73.0,3.0516
INCOME,GOOG,csus,2025-12-31,0.0,USD,47929.57,USD,47929.57,313.8,152.7392
INCOME,GOOG,csus,2026-01-30,0.0,USD,51706.81,USD,51706.81,338.53,152.7392
INCOME,GOOG,csus,2026-02-13,0.0,USD,46741.26,USD,46741.26,306.02,152.7392
INCOME,GOOG,csus,2026-02-27,0.0,USD,47567.58,USD,47567.58,311.43,152.7392
INCOME,GOOG,csus,2026-03-31,0.0,USD,43814.77,USD,43814.77,286.86,152.7392
INCOME,GOOG,csus,2026-04-30,0.0,USD,58337.22,USD,58337.22,381.94,152.7392
INCOME,GOOG,csus,2026-05-08,0.0,USD,60645.11,USD,60645.11,397.05,152.7392
INCOME,GOOG,csus,2026-05-14,0.0,USD,60663.44,USD,60663.44,397.17,152.7392
INCOME,GOOG,csus,2026-05-15,0.0,USD,60075.4,USD,60075.4,393.32,152.7392
INCOME,GOOG,csus,2026-05-22,0.0,USD,57946.21,USD,57946.21,379.38,152.7392
INCOME,GOOG,csus,2026-05-29,0.0,USD,57495.63,USD,57495.63,376.43,152.7392
INCOME,GOOGL,csus,2025-12-31,0.0,USD,59688.2,USD,59688.2,313.0,190.6971
INCOME,GOOGL,csus,2026-01-30,0.0,USD,64455.63,USD,64455.63,338.0,190.6971
INCOME,GOOGL,csus,2026-02-13,0.0,USD,58299.93,USD,58299.93,305.72,190.6971
INCOME,GOOGL,csus,2026-02-27,0.0,USD,59451.74,USD,59451.74,311.76,190.6971
INCOME,GOOGL,csus,2026-03-31,0.0,USD,54836.86,USD,54836.86,287.56,190.6971
INCOME,GOOGL,csus,2026-04-30,0.0,USD,73380.25,USD,73380.25,384.8,190.6971
INCOME,GOOGL,csus,2026-05-08,0.0,USD,76431.41,USD,76431.41,400.8,190.6971
INCOME,GOOGL,csus,2026-05-14,0.0,USD,76482.9,USD,76482.9,401.07,190.6971
INCOME,GOOGL,csus,2026-05-15,0.0,USD,75664.8,USD,75664.8,396.78,190.6971
INCOME,GOOGL,csus,2026-05-22,0.0,USD,73031.28,USD,73031.28,382.97,190.6971
INCOME,GOOGL,csus,2026-05-29,0.0,USD,72529.74,USD,72529.74,380.34,190.6971
INCOME,JPM,csus,2025-12-31,0.0,USD,27592.37,USD,27592.37,322.22,85.6321
INCOME,JPM,csus,2026-01-30,0.0,USD,26194.0,USD,26194.0,305.89,85.6321
INCOME,JPM,csus,2026-02-13,0.0,USD,25907.99,USD,25907.99,302.55,85.6321
INCOME,JPM,csus,2026-02-27,0.0,USD,25715.31,USD,25715.31,300.3,85.6321
INCOME,JPM,csus,2026-03-31,0.0,USD,25189.53,USD,25189.53,294.16,85.6321
INCOME,JPM,csus,2026-04-30,0.0,USD,26822.54,USD,26822.54,313.23,85.6321
INCOME,JPM,csus,2026-05-08,0.0,USD,25869.45,USD,25869.45,302.1,85.6321
INCOME,JPM,csus,2026-05-14,0.0,USD,25681.92,USD,25681.92,299.91,85.6321
INCOME,JPM,csus,2026-05-15,0.0,USD,25502.09,USD,25502.09,297.81,85.6321
INCOME,JPM,csus,2026-05-22,0.0,USD,26235.96,USD,26235.96,306.38,85.6321
INCOME,JPM,csus,2026-05-29,0.0,USD,25630.54,USD,25630.54,299.31,85.6321
INCOME,36225MBS1,fius,2025-12-31,20.16,USD,16000.0,USD,16000.0,95.22,168.0319
INCOME,36225MBS1,fius,2026-01-30,20.16,USD,16078.98,USD,16078.98,95.69,168.0319
INCOME,36225MBS1,fius,2026-02-13,20.16,USD,16223.48,USD,16223.48,96.55,168.0319
INCOME,36225MBS1,fius,2026-02-27,20.16,USD,16283.97,USD,16283.97,96.91,168.0319
INCOME,36225MBS1,fius,2026-03-31,20.16,USD,15954.63,USD,15954.63,94.95,168.0319
INCOME,36225MBS1,fius,2026-04-30,20.16,USD,15926.07,USD,15926.07,94.78,168.0319
INCOME,36225MBS1,fius,2026-05-08,20.16,USD,15947.91,USD,15947.91,94.91,168.0319
INCOME,36225MBS1,fius,2026-05-14,20.16,USD,15840.37,USD,15840.37,94.27,168.0319
INCOME,36225MBS1,fius,2026-05-15,20.16,USD,15722.75,USD,15722.75,93.57,168.0319
INCOME,36225MBS1,fius,2026-05-22,20.16,USD,15808.44,USD,15808.44,94.08,168.0319
INCOME,36225MBS1,fius,2026-05-29,20.16,USD,15927.75,USD,15927.75,94.79,168.0319
INCOME,META,csus,2025-12-31,0.0,USD,41314.09,USD,41314.09,660.09,62.5886
INCOME,META,csus,2026-01-30,0.0,USD,44844.71,USD,44844.71,716.5,62.5886
INCOME,META,csus,2026-02-13,0.0,USD,40042.29,USD,40042.29,639.77,62.5886
INCOME,META,csus,2026-02-27,0.0,USD,40568.66,USD,40568.66,648.18,62.5886
INCOME,META,csus,2026-03-31,0.0,USD,35808.8,USD,35808.8,572.13,62.5886
INCOME,META,csus,2026-04-30,0.0,USD,38298.57,USD,38298.57,611.91,62.5886
INCOME,META,csus,2026-05-08,0.0,USD,38155.87,USD,38155.87,609.63,62.5886
INCOME,META,csus,2026-05-14,0.0,USD,38706.65,USD,38706.65,618.43,62.5886
INCOME,META,csus,2026-05-15,0.0,USD,38443.78,USD,38443.78,614.23,62.5886
INCOME,META,csus,2026-05-22,0.0,USD,38195.3,USD,38195.3,610.26,62.5886
INCOME,META,csus,2026-05-29,0.0,USD,39587.9,USD,39587.9,632.51,62.5886
INCOME,MSFT,csus,2025-12-31,0.0,USD,103989.87,USD,103989.87,483.62,215.0239
INCOME,MSFT,csus,2026-01-30,0.0,USD,92522.65,USD,92522.65,430.29,215.0239
INCOME,MSFT,csus,2026-02-13,0.0,USD,86293.4,USD,86293.4,401.32,215.0239
INCOME,MSFT,csus,2026-02-27,0.0,USD,84448.49,USD,84448.49,392.74,215.0239
INCOME,MSFT,csus,2026-03-31,0.0,USD,79595.41,USD,79595.41,370.17,215.0239
INCOME,MSFT,csus,2026-04-30,0.0,USD,87682.46,USD,87682.46,407.78,215.0239
INCOME,MSFT,csus,2026-05-08,0.0,USD,89260.73,USD,89260.73,415.12,215.0239
INCOME,MSFT,csus,2026-05-14,0.0,USD,88037.24,USD,88037.24,409.43,215.0239
INCOME,MSFT,csus,2026-05-15,0.0,USD,90722.9,USD,90722.9,421.92,215.0239
INCOME,MSFT,csus,2026-05-22,0.0,USD,90002.57,USD,90002.57,418.57,215.0239
INCOME,MSFT,csus,2026-05-29,0.0,USD,96812.37,USD,96812.37,450.24,215.0239
INCOME,NVDA,csus,2025-12-31,0.0,USD,142114.91,USD,142114.91,186.5,762.0102
INCOME,NVDA,csus,2026-01-30,0.0,USD,145643.02,USD,145643.02,191.13,762.0102
INCOME,NVDA,csus,2026-02-13,0.0,USD,139303.09,USD,139303.09,182.81,762.0102
INCOME,NVDA,csus,2026-02-27,0.0,USD,135020.6,USD,135020.6,177.19,762.0102
INCOME,NVDA,csus,2026-03-31,0.0,USD,132894.58,USD,132894.58,174.4,762.0102
INCOME,NVDA,csus,2026-04-30,0.0,USD,152074.39,USD,152074.39,199.57,762.0102
INCOME,NVDA,csus,2026-05-08,0.0,USD,163984.6,USD,163984.6,215.2,762.0102
INCOME,NVDA,csus,2026-05-14,0.0,USD,179636.3,USD,179636.3,235.74,762.0102
INCOME,NVDA,csus,2026-05-15,0.0,USD,171696.15,USD,171696.15,225.32,762.0102
INCOME,NVDA,csus,2026-05-22,0.0,USD,164083.67,USD,164083.67,215.33,762.0102
INCOME,NVDA,csus,2026-05-29,0.0,USD,160890.84,USD,160890.84,211.14,762.0102
INCOME,912797AA1,fius,2025-12-31,0.0,USD,80000.0,USD,80000.0,91.38,875.4651
INCOME,912797AA1,fius,2026-01-30,0.0,USD,80236.38,USD,80236.38,91.65,875.4651
INCOME,912797AA1,fius,2026-02-13,0.0,USD,80113.81,USD,80113.81,91.51,875.4651
INCOME,912797AA1,fius,2026-02-27,0.0,USD,80210.12,USD,80210.12,91.62,875.4651
INCOME,912797AA1,fius,2026-03-31,0.0,USD,80227.62,USD,80227.62,91.64,875.4651
INCOME,912797AA1,fius,2026-04-30,0.0,USD,80227.62,USD,80227.62,91.64,875.4651
INCOME,912797AA1,fius,2026-05-08,0.0,USD,80070.04,USD,80070.04,91.46,875.4651
INCOME,912797AA1,fius,2026-05-14,0.0,USD,80113.81,USD,80113.81,91.51,875.4651
INCOME,912797AA1,fius,2026-05-15,0.0,USD,80131.32,USD,80131.32,91.53,875.4651
INCOME,912797AA1,fius,2026-05-22,0.0,USD,80183.85,USD,80183.85,91.59,875.4651
INCOME,912797AA1,fius,2026-05-29,0.0,USD,80245.14,USD,80245.14,91.66,875.4651
INCOME,91282Y2Y1,fius,2025-12-31,37.67,USD,48000.0,USD,48000.0,82.82,579.5702
INCOME,91282Y2Y1,fius,2026-01-30,37.67,USD,48098.53,USD,48098.53,82.99,579.5702
INCOME,91282Y2Y1,fius,2026-02-13,37.67,USD,48139.1,USD,48139.1,83.06,579.5702
INCOME,91282Y2Y1,fius,2026-02-27,37.67,USD,48208.65,USD,48208.65,83.18,579.5702
INCOME,91282Y2Y1,fius,2026-03-31,37.67,USD,47855.11,USD,47855.11,82.57,579.5702
INCOME,91282Y2Y1,fius,2026-04-30,37.67,USD,47802.95,USD,47802.95,82.48,579.5702
INCOME,91282Y2Y1,fius,2026-05-08,37.67,USD,47698.63,USD,47698.63,82.3,579.5702
INCOME,91282Y2Y1,fius,2026-05-14,37.67,USD,47617.49,USD,47617.49,82.16,579.5702
INCOME,91282Y2Y1,fius,2026-05-15,37.67,USD,47559.53,USD,47559.53,82.06,579.5702
INCOME,91282Y2Y1,fius,2026-05-22,37.67,USD,47594.3,USD,47594.3,82.12,579.5702
INCOME,91282Y2Y1,fius,2026-05-29,37.67,USD,47698.63,USD,47698.63,82.3,579.5702
INCOME,91282Y5Y1,fius,2025-12-31,38.21,USD,48000.0,USD,48000.0,119.35,402.1785
INCOME,91282Y5Y1,fius,2026-01-30,38.21,USD,48000.0,USD,48000.0,119.35,402.1785
INCOME,91282Y5Y1,fius,2026-02-13,38.21,USD,48317.72,USD,48317.72,120.14,402.1785
INCOME,91282Y5Y1,fius,2026-02-27,38.21,USD,48550.99,USD,48550.99,120.72,402.1785
INCOME,91282Y5Y1,fius,2026-03-31,38.21,USD,47698.37,USD,47698.37,118.6,402.1785
INCOME,91282Y5Y1,fius,2026-04-30,38.21,USD,47549.56,USD,47549.56,118.23,402.1785
INCOME,91282Y5Y1,fius,2026-05-08,38.21,USD,47477.17,USD,47477.17,118.05,402.1785
INCOME,91282Y5Y1,fius,2026-05-14,38.21,USD,47239.88,USD,47239.88,117.46,402.1785
INCOME,91282Y5Y1,fius,2026-05-15,38.21,USD,47034.77,USD,47034.77,116.95,402.1785
INCOME,91282Y5Y1,fius,2026-05-22,38.21,USD,47111.19,USD,47111.19,117.14,402.1785
INCOME,91282Y5Y1,fius,2026-05-29,38.21,USD,47352.49,USD,47352.49,117.74,402.1785
BALANCED,SAP.DE,cseu,2025-12-31,0.0,USD,21600.0,EUR,20000.0,208.35,95.9923
BALANCED,SAP.DE,cseu,2026-01-30,0.0,USD,19447.01,EUR,17973.21,170.56,105.3776
BALANCED,SAP.DE,cseu,2026-02-27,0.0,USD,19528.65,EUR,18015.36,170.96,105.3776
BALANCED,SAP.DE,cseu,2026-03-31,0.0,USD,16811.25,EUR,15479.97,146.9,105.3776
BALANCED,SAP.DE,cseu,2026-04-10,0.0,USD,15980.04,EUR,14687.53,139.38,105.3776
BALANCED,SAP.DE,cseu,2026-04-16,0.0,USD,17387.95,EUR,15981.57,151.66,105.3776
BALANCED,SAP.DE,cseu,2026-04-24,0.0,USD,16885.78,EUR,15520.02,147.28,105.3776
BALANCED,SAP.DE,cseu,2026-04-30,0.0,USD,16681.7,EUR,15332.44,145.5,105.3776
BALANCED,SAP.DE,cseu,2026-05-08,0.0,USD,16792.77,EUR,15406.21,146.2,105.3776
BALANCED,SAP.DE,cseu,2026-05-14,0.0,USD,16250.52,EUR,14881.43,141.22,105.3776
BALANCED,SAP.DE,cseu,2026-05-29,0.0,USD,17898.86,EUR,16360.93,155.26,105.3776
BALANCED,CASHEUR,caus,2025-12-31,0.0,USD,5400.0,EUR,5000.0,1.0,5000.0
BALANCED,CASHEUR,caus,2026-01-30,0.0,USD,3245.99,EUR,2999.99,1.0,2999.99
BALANCED,CASHEUR,caus,2026-02-27,0.0,USD,3251.99,EUR,2999.99,1.0,2999.99
BALANCED,CASHEUR,caus,2026-03-31,0.0,USD,3257.99,EUR,2999.99,1.0,2999.99
BALANCED,CASHEUR,caus,2026-04-10,0.0,USD,3263.99,EUR,2999.99,1.0,2999.99
BALANCED,CASHEUR,caus,2026-04-16,0.0,USD,3394.55,EUR,3119.99,1.0,3119.99
BALANCED,CASHEUR,caus,2026-04-24,0.0,USD,3394.55,EUR,3119.99,1.0,3119.99
BALANCED,CASHEUR,caus,2026-04-30,0.0,USD,3394.55,EUR,3119.99,1.0,3119.99
BALANCED,CASHEUR,caus,2026-05-08,0.0,USD,3400.79,EUR,3119.99,1.0,3119.99
BALANCED,CASHEUR,caus,2026-05-14,0.0,USD,3407.03,EUR,3119.99,1.0,3119.99
BALANCED,CASHEUR,caus,2026-05-29,0.0,USD,3413.27,EUR,3119.99,1.0,3119.99
BALANCED,SHEL.L,csgb,2025-12-31,0.0,USD,15120.0,GBP,12000.0,27.4,437.9562
BALANCED,SHEL.L,csgb,2026-01-30,0.0,USD,15442.46,GBP,12236.5,27.94,437.9562
BALANCED,SHEL.L,csgb,2026-02-27,0.0,USD,15460.22,GBP,12231.18,30.735,397.9562
BALANCED,SHEL.L,csgb,2026-03-31,0.0,USD,18051.6,GBP,14258.77,35.83,397.9562
BALANCED,SHEL.L,csgb,2026-04-10,0.0,USD,17260.13,GBP,13612.09,34.205,397.9562
BALANCED,SHEL.L,csgb,2026-04-16,0.0,USD,17078.47,GBP,13468.83,33.845,397.9562
BALANCED,SHEL.L,csgb,2026-04-24,0.0,USD,16689.93,GBP,13162.4,33.075,397.9562
BALANCED,SHEL.L,csgb,2026-04-30,0.0,USD,16783.28,GBP,13236.02,33.26,397.9562
BALANCED,SHEL.L,csgb,2026-05-08,0.0,USD,15682.7,GBP,12348.58,31.03,397.9562
BALANCED,SHEL.L,csgb,2026-05-14,0.0,USD,15937.72,GBP,12529.65,31.485,397.9562
BALANCED,SHEL.L,csgb,2026-05-29,0.0,USD,15808.18,GBP,12408.27,31.18,397.9562
BALANCED,CASHGBP,caus,2025-12-31,0.0,USD,5040.0,GBP,4000.0,1.0,4000.0
BALANCED,CASHGBP,caus,2026-01-30,0.0,USD,5048.0,GBP,4000.0,1.0,4000.0
BALANCED,CASHGBP,caus,2026-02-27,0.0,USD,6504.8,GBP,5146.2,1.0,5146.2
BALANCED,CASHGBP,caus,2026-03-31,0.0,USD,6515.09,GBP,5146.2,1.0,5146.2
BALANCED,CASHGBP,caus,2026-04-10,0.0,USD,6525.38,GBP,5146.2,1.0,5146.2
BALANCED,CASHGBP,caus,2026-04-16,0.0,USD,6525.38,GBP,5146.2,1.0,5146.2
BALANCED,CASHGBP,caus,2026-04-24,0.0,USD,6525.38,GBP,5146.2,1.0,5146.2
BALANCED,CASHGBP,caus,2026-04-30,0.0,USD,6525.38,GBP,5146.2,1.0,5146.2
BALANCED,CASHGBP,caus,2026-05-08,0.0,USD,6535.67,GBP,5146.2,1.0,5146.2
BALANCED,CASHGBP,caus,2026-05-14,0.0,USD,6545.97,GBP,5146.2,1.0,5146.2
BALANCED,CASHGBP,caus,2026-05-29,0.0,USD,6556.26,GBP,5146.2,1.0,5146.2
BALANCED_CONTRIBUTION,CASHUSD,caus,2026-02-28,0.0,USD,100000.0,USD,100000.0,1.0,100000.0
BALANCED_CONTRIBUTION,CASHUSD,caus,2026-03-31,0.0,USD,101000.0,USD,101000.0,1.0,101000.0
