Portfolio Code,Security Symbol,Security Type,Transaction Date,Amount,Base Amount,Base Currency,Commission,Currency Code,Price,Quantity,Settlement Date,Source/Destination Symbol,Source/Destination Type,Special Security Symbol,Special Security Type,Transaction Code,Transaction Security Type
ALPHA,AAPL,csus,2025-12-04,-4004.95,-4004.95,USD,4.95,USD,280.7,14.2501,2025-12-05,CASHUSD,$cash,,,by,csus
ALPHA,AAPL,csus,2026-01-06,-4004.94,-4004.94,USD,4.95,USD,262.36,15.2462,2026-01-07,CASHUSD,$cash,,,by,csus
ALPHA,CASHUSD,caus,2026-01-20,-500.0,-500.0,USD,0.0,USD,0.0,0.0,2026-01-20,$cash,$pty,,,wd,caus
ALPHA,AAPL,csus,2026-02-05,-4004.96,-4004.96,USD,4.95,USD,275.91,14.4975,2026-02-06,CASHUSD,$cash,,,by,csus
ALPHA,AAPL,csus,2026-03-05,-4004.96,-4004.96,USD,4.95,USD,260.29,15.3675,2026-03-06,CASHUSD,$cash,,,by,csus
ALPHA,AAPL,csus,2026-04-06,-4004.96,-4004.96,USD,4.95,USD,258.86,15.4524,2026-04-07,CASHUSD,$cash,,,by,csus
ALPHA,JPM,csus,2026-04-06,169.25,169.25,USD,0.0,USD,0.0,0.0,2026-04-30,$cash,$income,,,dv,csus
ALPHA,AAPL,csus,2026-05-06,-4004.96,-4004.96,USD,4.95,USD,287.51,13.9126,2026-05-07,CASHUSD,$cash,,,by,csus
BALANCED,AAPL,csus,2025-12-04,-4004.95,-4004.95,USD,4.95,USD,280.7,14.2501,2025-12-05,CASHUSD,$cash,,,by,csus
BALANCED,AAPL,csus,2026-01-06,-4004.94,-4004.94,USD,4.95,USD,262.36,15.2462,2026-01-07,CASHUSD,$cash,,,by,csus
BALANCED,MSFT,csus,2026-01-15,4561.65,4561.65,USD,4.95,USD,456.66,10.0,2026-01-15,CASHUSD,$cash,,,sl,csus
BALANCED,AAPL,csus,2026-02-05,-4004.96,-4004.96,USD,4.95,USD,275.91,14.4975,2026-02-06,CASHUSD,$cash,,,by,csus
BALANCED,AAPL,csus,2026-03-05,-4004.96,-4004.96,USD,4.95,USD,260.29,15.3675,2026-03-06,CASHUSD,$cash,,,by,csus
BALANCED,AAPL,csus,2026-04-06,-4004.96,-4004.96,USD,4.95,USD,258.86,15.4524,2026-04-07,CASHUSD,$cash,,,by,csus
BALANCED,JPM,csus,2026-04-06,148.09,148.09,USD,0.0,USD,0.0,0.0,2026-04-30,$cash,$income,,,dv,csus
BALANCED,AAPL,csus,2026-05-06,-4004.96,-4004.96,USD,4.95,USD,287.51,13.9126,2026-05-07,CASHUSD,$cash,,,by,csus
INCOME,AAPL,csus,2025-12-04,-4004.95,-4004.95,USD,4.95,USD,280.7,14.2501,2025-12-05,CASHUSD,$cash,,,by,csus
INCOME,AAPL,csus,2026-01-06,-4004.94,-4004.94,USD,4.95,USD,262.36,15.2462,2026-01-07,CASHUSD,$cash,,,by,csus
INCOME,CASHUSD,caus,2026-01-20,-50.0,-50.0,USD,0.0,USD,0.0,0.0,2026-01-20,$cash,$cash,custfee,exus,dp,caus
INCOME,AAPL,csus,2026-02-05,-4004.96,-4004.96,USD,4.95,USD,275.91,14.4975,2026-02-06,CASHUSD,$cash,,,by,csus
INCOME,AAPL,csus,2026-03-05,-4004.96,-4004.96,USD,4.95,USD,260.29,15.3675,2026-03-06,CASHUSD,$cash,,,by,csus
INCOME,AAPL,csus,2026-04-06,-4004.96,-4004.96,USD,4.95,USD,258.86,15.4524,2026-04-07,CASHUSD,$cash,,,by,csus
INCOME,JPM,csus,2026-04-06,119.88,119.88,USD,0.0,USD,0.0,0.0,2026-04-30,$cash,$income,,,dv,csus
INCOME,AAPL,csus,2026-05-06,-4004.96,-4004.96,USD,4.95,USD,287.51,13.9126,2026-05-07,CASHUSD,$cash,,,by,csus
INCOME,91282Y2Y1,fius,2026-05-15,1200.0,1200.0,USD,0.0,USD,0.0,0.0,2026-05-15,$cash,$income,,,in,fius
INCOME,AAPL,csus,2026-05-23,220.97,220.97,USD,0.0,USD,0.0,0.0,2026-05-23,$cash,$income,,,dv,csus
DATAAUDIT,KO,csus,2026-03-30,0.0,0.0,USD,0.0,USD,0.0,0.0,2026-03-30,$cash,$cash,,,by,CSUS
DATAAUDIT,KO,csus,2026-03-31,0.0,0.0,USD,0.0,USD,0.0,0.0,2026-03-31,$cash,$cash,,,by,csus
DATAAUDIT,KO,csus,2026-03-31,0.0,0.0,USD,0.0,USD,0.0,0.0,2026-03-31,$cash,$cash,,,by,csus
DATAAUDIT,KO,csus,2026-03-31,0.0,0.0,USD,0.0,USD,0.0,10.0,2026-03-31,$cash,$cash,,,by,csus
BALANCED,SAP.DE,cseu,2026-01-12,-2000.01,-2180.0,USD,0.0,EUR,213.1,9.3853,2026-01-14,CASHEUR,$cash,,,by,cseu
BALANCED,SHEL.L,csgb,2026-02-16,1146.2,1270.0,USD,0.0,GBP,28.655,40.0,2026-02-18,CASHGBP,$cash,,,sl,csgb
BALANCED,SAP.DE,cseu,2026-04-15,120.0,129.6,USD,0.0,EUR,0.0,0.0,2026-04-15,CASHEUR,$income,,,dv,cseu
INCOME,MARGIN_USD,caus,2026-01-22,-18.75,-18.75,USD,0.0,USD,0.0,0.0,2026-01-22,$cash,$pth,margin,caus,ai,caus
BALANCED,JPM,csus,2026-03-20,1470.8,1470.8,USD,0.0,USD,294.16,5.0,2026-03-20,external_delivery,$pty,,,ti,csus
BALANCED,JPM,csus,2026-04-06,-22.21,-22.21,USD,0.0,USD,0.0,0.0,2026-04-30,$cash,$pty,with,epus,dp,csus
